recommendation_id,user_id,contribute,impression,skip,info_seen,unlock,like,favorite
443,39,1,0,0,0,0,0,0
443,36,1,0,0,0,0,0,0
443,72,1,0,0,0,0,0,0
443,82,1,0,0,0,0,0,0
443,98,1,0,0,0,0,0,0
443,91,1,0,0,0,0,0,0
443,96,1,0,0,0,0,0,0
443,77,1,0,0,0,0,0,0
443,96,1,0,0,0,0,0,0
443,51,1,0,0,0,0,0,0
443,86,1,0,0,0,0,0,0
443,87,1,0,0,0,0,0,0
2556,6,1,0,0,0,0,0,0
2556,12,1,0,0,0,0,0,0
2556,31,1,0,0,0,0,0,0
2556,65,1,0,0,0,0,0,0
2556,96,1,0,0,0,0,0,0
2556,53,1,0,0,0,0,0,0
2336,34,1,0,0,0,0,0,0
2336,17,1,0,0,0,0,0,0
2336,92,1,0,0,0,0,0,0
2336,68,1,0,0,0,0,0,0
2507,52,1,0,0,0,0,0,0
2507,6,1,0,0,0,0,0,0
2507,41,1,0,0,0,0,0,0
2507,44,1,0,0,0,0,0,0
2295,13,1,0,0,0,0,0,0
2295,61,1,0,0,0,0,0,0
2295,85,1,0,0,0,0,0,0
2295,96,1,0,0,0,0,0,0
2287,93,1,0,0,0,0,0,0
2287,59,1,0,0,0,0,0,0
2287,41,1,0,0,0,0,0,0
1454,2,1,0,0,0,0,0,0
1454,93,1,0,0,0,0,0,0
1454,12,1,0,0,0,0,0,0
2904,65,1,0,0,0,0,0,0
2904,33,1,0,0,0,0,0,0
2904,70,1,0,0,0,0,0,0
370,77,1,0,0,0,0,0,0
370,2,1,0,0,0,0,0,0
370,20,1,0,0,0,0,0,0
2673,82,1,0,0,0,0,0,0
2673,35,1,0,0,0,0,0,0
2673,41,1,0,0,0,0,0,0
565,60,1,0,0,0,0,0,0
565,4,1,0,0,0,0,0,0
565,47,1,0,0,0,0,0,0
1598,39,1,0,0,0,0,0,0
1598,53,1,0,0,0,0,0,0
1598,87,1,0,0,0,0,0,0
299,82,1,0,0,0,0,0,0
299,54,1,0,0,0,0,0,0
299,61,1,0,0,0,0,0,0
91,68,1,0,0,0,0,0,0
91,22,1,0,0,0,0,0,0
91,19,1,0,0,0,0,0,0
1891,75,1,0,0,0,0,0,0
1891,10,1,0,0,0,0,0,0
1891,52,1,0,0,0,0,0,0
1059,10,1,0,0,0,0,0,0
1059,88,1,0,0,0,0,0,0
1115,21,1,0,0,0,0,0,0
1115,49,1,0,0,0,0,0,0
3147,68,1,0,0,0,0,0,0
2921,1,1,0,0,0,0,0,0
2956,37,1,0,0,0,0,0,0
3504,51,1,0,0,0,0,0,0
3329,100,1,0,0,0,0,0,0
1160,97,1,0,0,0,0,0,0
2825,83,1,0,0,0,0,0,0
3802,45,1,0,0,0,0,0,0
697,31,1,0,0,0,0,0,0
3197,26,1,0,0,0,0,0,0
3496,49,1,0,0,0,0,0,0
3801,77,1,0,0,0,0,0,0
743,74,1,0,0,0,0,0,0
870,73,1,0,0,0,0,0,0
1943,3,1,0,0,0,0,0,0
1730,53,1,0,0,0,0,0,0
2026,65,1,0,0,0,0,0,0
2531,33,1,0,0,0,0,0,0
1279,10,1,0,0,0,0,0,0
586,37,1,0,0,0,0,0,0
2672,44,1,0,0,0,0,0,0
3620,53,1,0,0,0,0,0,0
1334,87,1,0,0,0,0,0,0
3660,78,1,0,0,0,0,0,0
2128,37,1,0,0,0,0,0,0
1401,14,1,0,0,0,0,0,0
2075,28,1,0,0,0,0,0,0
165,64,1,0,0,0,0,0,0
2593,39,1,0,0,0,0,0,0
1051,10,1,0,0,0,0,0,0
2101,98,1,0,0,0,0,0,0
1647,46,1,0,0,0,0,0,0
867,80,1,0,0,0,0,0,0
3839,28,1,0,0,0,0,0,0
660,55,1,0,0,0,0,0,0
275,67,1,0,0,0,0,0,0
2768,84,1,0,0,0,0,0,0
1651,2,1,0,0,0,0,0,0
3461,48,1,0,0,0,0,0,0
595,42,1,0,0,0,0,0,0
3768,41,1,0,0,0,0,0,0
3894,91,1,0,0,0,0,0,0
3444,35,1,0,0,0,0,0,0
3631,97,1,0,0,0,0,0,0
2337,76,1,0,0,0,0,0,0
1319,4,1,0,0,0,0,0,0
3865,54,1,0,0,0,0,0,0
2418,77,1,0,0,0,0,0,0
569,33,1,0,0,0,0,0,0
3371,5,1,0,0,0,0,0,0
509,75,1,0,0,0,0,0,0
3250,17,1,0,0,0,0,0,0
2268,99,1,0,0,0,0,0,0
2955,81,1,0,0,0,0,0,0
3313,83,1,0,0,0,0,0,0
3243,20,1,0,0,0,0,0,0
3432,37,1,0,0,0,0,0,0
2300,47,1,0,0,0,0,0,0
203,87,1,0,0,0,0,0,0
1646,51,1,0,0,0,0,0,0
24,69,1,0,0,0,0,0,0
2291,41,1,0,0,0,0,0,0
2262,70,1,0,0,0,0,0,0
1620,67,1,0,0,0,0,0,0
2305,34,1,0,0,0,0,0,0
919,27,1,0,0,0,0,0,0
2194,8,1,0,0,0,0,0,0
49,19,1,0,0,0,0,0,0
316,34,1,0,0,0,0,0,0
1523,59,1,0,0,0,0,0,0
635,35,1,0,0,0,0,0,0
2724,13,1,0,0,0,0,0,0
1333,64,1,0,0,0,0,0,0
1862,44,1,0,0,0,0,0,0
3583,40,1,0,0,0,0,0,0
3424,46,1,0,0,0,0,0,0
163,41,1,0,0,0,0,0,0
2660,35,1,0,0,0,0,0,0
3406,39,1,0,0,0,0,0,0
3147,92,1,0,0,0,0,0,0
2921,86,1,0,0,0,0,0,0
2956,35,1,0,0,0,0,0,0
3504,51,1,0,0,0,0,0,0
3329,62,1,0,0,0,0,0,0
1160,84,1,0,0,0,0,0,0
2825,15,1,0,0,0,0,0,0
3802,71,1,0,0,0,0,0,0
697,84,1,0,0,0,0,0,0
3197,34,1,0,0,0,0,0,0
3496,59,1,0,0,0,0,0,0
3801,50,1,0,0,0,0,0,0
743,53,1,0,0,0,0,0,0
870,9,1,0,0,0,0,0,0
1943,90,1,0,0,0,0,0,0
1730,82,1,0,0,0,0,0,0
2026,79,1,0,0,0,0,0,0
2531,51,1,0,0,0,0,0,0
1279,85,1,0,0,0,0,0,0
586,92,1,0,0,0,0,0,0
2672,83,1,0,0,0,0,0,0
3620,5,1,0,0,0,0,0,0
1334,76,1,0,0,0,0,0,0
3660,42,1,0,0,0,0,0,0
2128,2,1,0,0,0,0,0,0
1401,28,1,0,0,0,0,0,0
2075,1,1,0,0,0,0,0,0
165,7,1,0,0,0,0,0,0
2593,62,1,0,0,0,0,0,0
1051,5,1,0,0,0,0,0,0
2101,68,1,0,0,0,0,0,0
1647,9,1,0,0,0,0,0,0
867,76,1,0,0,0,0,0,0
3839,3,1,0,0,0,0,0,0
660,49,1,0,0,0,0,0,0
275,1,1,0,0,0,0,0,0
2768,67,1,0,0,0,0,0,0
1651,21,1,0,0,0,0,0,0
3461,29,1,0,0,0,0,0,0
595,1,1,0,0,0,0,0,0
3768,96,1,0,0,0,0,0,0
3894,16,1,0,0,0,0,0,0
3444,67,1,0,0,0,0,0,0
3631,59,1,0,0,0,0,0,0
2337,70,1,0,0,0,0,0,0
1319,67,1,0,0,0,0,0,0
3865,51,1,0,0,0,0,0,0
2418,21,1,0,0,0,0,0,0
569,3,1,0,0,0,0,0,0
3371,12,1,0,0,0,0,0,0
509,37,1,0,0,0,0,0,0
3250,50,1,0,0,0,0,0,0
2268,12,1,0,0,0,0,0,0
2955,81,1,0,0,0,0,0,0
3313,33,1,0,0,0,0,0,0
3243,44,1,0,0,0,0,0,0
3432,93,1,0,0,0,0,0,0
2300,41,1,0,0,0,0,0,0
203,68,1,0,0,0,0,0,0
1646,87,1,0,0,0,0,0,0
24,56,1,0,0,0,0,0,0
2291,3,1,0,0,0,0,0,0
2262,17,1,0,0,0,0,0,0
1620,94,1,0,0,0,0,0,0
2305,53,1,0,0,0,0,0,0
919,77,1,0,0,0,0,0,0
2194,48,1,0,0,0,0,0,0
49,13,1,0,0,0,0,0,0
316,51,1,0,0,0,0,0,0
1523,83,1,0,0,0,0,0,0
635,61,1,0,0,0,0,0,0
2724,51,1,0,0,0,0,0,0
1333,43,1,0,0,0,0,0,0
1862,87,1,0,0,0,0,0,0
3583,88,1,0,0,0,0,0,0
3424,32,1,0,0,0,0,0,0
163,40,1,0,0,0,0,0,0
2660,98,1,0,0,0,0,0,0
3406,75,1,0,0,0,0,0,0
2925,12,1,0,0,0,0,0,0
1172,87,1,0,0,0,0,0,0
1934,31,1,0,0,0,0,0,0
2410,58,1,0,0,0,0,0,0
1050,50,1,0,0,0,0,0,0
2931,90,1,0,0,0,0,0,0
797,2,1,0,0,0,0,0,0
2654,15,1,0,0,0,0,0,0
3764,62,1,0,0,0,0,0,0
2317,20,1,0,0,0,0,0,0
1316,48,1,0,0,0,0,0,0
1710,96,1,0,0,0,0,0,0
401,25,1,0,0,0,0,0,0
3735,66,1,0,0,0,0,0,0
3088,99,1,0,0,0,0,0,0
2761,89,1,0,0,0,0,0,0
123,45,1,0,0,0,0,0,0
1897,73,1,0,0,0,0,0,0
1904,73,1,0,0,0,0,0,0
972,38,1,0,0,0,0,0,0
982,26,1,0,0,0,0,0,0
2289,19,1,0,0,0,0,0,0
55,62,1,0,0,0,0,0,0
3476,82,1,0,0,0,0,0,0
1627,89,1,0,0,0,0,0,0
2124,34,1,0,0,0,0,0,0
907,26,1,0,0,0,0,0,0
2256,70,1,0,0,0,0,0,0
3339,62,1,0,0,0,0,0,0
2771,17,1,0,0,0,0,0,0
1048,12,1,0,0,0,0,0,0
1794,43,1,0,0,0,0,0,0
636,65,1,0,0,0,0,0,0
350,95,1,0,0,0,0,0,0
3480,27,1,0,0,0,0,0,0
216,35,1,0,0,0,0,0,0
66,58,1,0,0,0,0,0,0
483,39,1,0,0,0,0,0,0
1900,80,1,0,0,0,0,0,0
765,9,1,0,0,0,0,0,0
1257,19,1,0,0,0,0,0,0
429,73,1,0,0,0,0,0,0
3619,53,1,0,0,0,0,0,0
2895,48,1,0,0,0,0,0,0
1888,1,1,0,0,0,0,0,0
2360,1,1,0,0,0,0,0,0
2979,9,1,0,0,0,0,0,0
3775,31,1,0,0,0,0,0,0
1444,64,1,0,0,0,0,0,0
3723,65,1,0,0,0,0,0,0
3572,64,1,0,0,0,0,0,0
732,44,1,0,0,0,0,0,0
2073,3,1,0,0,0,0,0,0
1299,31,1,0,0,0,0,0,0
1975,70,1,0,0,0,0,0,0
2141,5,1,0,0,0,0,0,0
2953,82,1,0,0,0,0,0,0
3707,64,1,0,0,0,0,0,0
2876,50,1,0,0,0,0,0,0
2258,80,1,0,0,0,0,0,0
968,5,1,0,0,0,0,0,0
3791,59,1,0,0,0,0,0,0
467,55,1,0,0,0,0,0,0
60,75,1,0,0,0,0,0,0
1966,89,1,0,0,0,0,0,0
227,77,1,0,0,0,0,0,0
3150,42,1,0,0,0,0,0,0
287,55,1,0,0,0,0,0,0
1475,19,1,0,0,0,0,0,0
1766,15,1,0,0,0,0,0,0
1035,99,1,0,0,0,0,0,0
2739,61,1,0,0,0,0,0,0
1711,21,1,0,0,0,0,0,0
2033,65,1,0,0,0,0,0,0
937,95,1,0,0,0,0,0,0
1668,58,1,0,0,0,0,0,0
950,14,1,0,0,0,0,0,0
1399,75,1,0,0,0,0,0,0
3835,100,1,0,0,0,0,0,0
137,42,1,0,0,0,0,0,0
1103,64,1,0,0,0,0,0,0
3590,5,1,0,0,0,0,0,0
2923,97,1,0,0,0,0,0,0
1439,67,1,0,0,0,0,0,0
2765,34,1,0,0,0,0,0,0
956,22,1,0,0,0,0,0,0
3384,60,1,0,0,0,0,0,0
2984,38,1,0,0,0,0,0,0
677,84,1,0,0,0,0,0,0
3227,43,1,0,0,0,0,0,0
3568,27,1,0,0,0,0,0,0
3327,15,1,0,0,0,0,0,0
3299,80,1,0,0,0,0,0,0
1917,52,1,0,0,0,0,0,0
2560,82,1,0,0,0,0,0,0
3500,30,1,0,0,0,0,0,0
640,60,1,0,0,0,0,0,0
2816,73,1,0,0,0,0,0,0
45,66,1,0,0,0,0,0,0
2038,39,1,0,0,0,0,0,0
1567,5,1,0,0,0,0,0,0
3095,70,1,0,0,0,0,0,0
2763,33,1,0,0,0,0,0,0
2074,95,1,0,0,0,0,0,0
3874,38,1,0,0,0,0,0,0
1490,45,1,0,0,0,0,0,0
875,35,1,0,0,0,0,0,0
3274,2,1,0,0,0,0,0,0
3868,16,1,0,0,0,0,0,0
3644,74,1,0,0,0,0,0,0
1086,95,1,0,0,0,0,0,0
1707,84,1,0,0,0,0,0,0
1424,48,1,0,0,0,0,0,0
3217,54,1,0,0,0,0,0,0
3309,23,1,0,0,0,0,0,0
856,21,1,0,0,0,0,0,0
1954,86,1,0,0,0,0,0,0
2805,2,1,0,0,0,0,0,0
645,42,1,0,0,0,0,0,0
675,64,1,0,0,0,0,0,0
3019,33,1,0,0,0,0,0,0
1782,2,1,0,0,0,0,0,0
2071,24,1,0,0,0,0,0,0
1134,86,1,0,0,0,0,0,0
448,97,1,0,0,0,0,0,0
147,35,1,0,0,0,0,0,0
3540,57,1,0,0,0,0,0,0
721,2,1,0,0,0,0,0,0
2839,95,1,0,0,0,0,0,0
2856,25,1,0,0,0,0,0,0
2224,8,1,0,0,0,0,0,0
1089,58,1,0,0,0,0,0,0
3879,56,1,0,0,0,0,0,0
360,4,1,0,0,0,0,0,0
2375,57,1,0,0,0,0,0,0
2109,66,1,0,0,0,0,0,0
885,89,1,0,0,0,0,0,0
2120,26,1,0,0,0,0,0,0
3918,52,1,0,0,0,0,0,0
1561,75,1,0,0,0,0,0,0
2990,72,1,0,0,0,0,0,0
3637,71,1,0,0,0,0,0,0
1713,56,1,0,0,0,0,0,0
2237,24,1,0,0,0,0,0,0
3434,64,1,0,0,0,0,0,0
2163,22,1,0,0,0,0,0,0
3726,56,1,0,0,0,0,0,0
1725,4,1,0,0,0,0,0,0
3013,11,1,0,0,0,0,0,0
3051,53,1,0,0,0,0,0,0
325,3,1,0,0,0,0,0,0
1893,51,1,0,0,0,0,0,0
1703,59,1,0,0,0,0,0,0
1254,94,1,0,0,0,0,0,0
749,34,1,0,0,0,0,0,0
1057,44,1,0,0,0,0,0,0
1880,37,1,0,0,0,0,0,0
1228,39,1,0,0,0,0,0,0
2047,54,1,0,0,0,0,0,0
1447,69,1,0,0,0,0,0,0
1185,38,1,0,0,0,0,0,0
2627,21,1,0,0,0,0,0,0
928,54,1,0,0,0,0,0,0
2978,94,1,0,0,0,0,0,0
464,37,1,0,0,0,0,0,0
1281,77,1,0,0,0,0,0,0
3659,81,1,0,0,0,0,0,0
1864,22,1,0,0,0,0,0,0
2733,58,1,0,0,0,0,0,0
270,61,1,0,0,0,0,0,0
78,94,1,0,0,0,0,0,0
2383,82,1,0,0,0,0,0,0
3869,94,1,0,0,0,0,0,0
1574,53,1,0,0,0,0,0,0
2079,56,1,0,0,0,0,0,0
983,27,1,0,0,0,0,0,0
3613,93,1,0,0,0,0,0,0
105,23,1,0,0,0,0,0,0
130,43,1,0,0,0,0,0,0
1892,79,1,0,0,0,0,0,0
1417,45,1,0,0,0,0,0,0
2975,46,1,0,0,0,0,0,0
61,18,1,0,0,0,0,0,0
2505,25,1,0,0,0,0,0,0
2830,93,1,0,0,0,0,0,0
132,36,1,0,0,0,0,0,0
3503,81,1,0,0,0,0,0,0
1301,56,1,0,0,0,0,0,0
414,46,1,0,0,0,0,0,0
3754,71,1,0,0,0,0,0,0
115,41,1,0,0,0,0,0,0
2753,36,1,0,0,0,0,0,0
3556,47,1,0,0,0,0,0,0
2085,54,1,0,0,0,0,0,0
1844,54,1,0,0,0,0,0,0
3551,91,1,0,0,0,0,0,0
2631,63,1,0,0,0,0,0,0
535,53,1,0,0,0,0,0,0
74,98,1,0,0,0,0,0,0
874,76,1,0,0,0,0,0,0
1183,98,1,0,0,0,0,0,0
3184,93,1,0,0,0,0,0,0
1430,77,1,0,0,0,0,0,0
3055,90,1,0,0,0,0,0,0
3089,96,1,0,0,0,0,0,0
612,38,1,0,0,0,0,0,0
3873,2,1,0,0,0,0,0,0
2308,25,1,0,0,0,0,0,0
969,31,1,0,0,0,0,0,0
432,20,1,0,0,0,0,0,0
308,80,1,0,0,0,0,0,0
2053,59,1,0,0,0,0,0,0
2487,9,1,0,0,0,0,0,0
2950,9,1,0,0,0,0,0,0
3465,46,1,0,0,0,0,0,0
3477,82,1,0,0,0,0,0,0
1937,56,1,0,0,0,0,0,0
411,30,1,0,0,0,0,0,0
2730,40,1,0,0,0,0,0,0
2110,88,1,0,0,0,0,0,0
1492,22,1,0,0,0,0,0,0
3722,28,1,0,0,0,0,0,0
2686,19,1,0,0,0,0,0,0
225,76,1,0,0,0,0,0,0
1546,4,1,0,0,0,0,0,0
3846,30,1,0,0,0,0,0,0
1845,13,1,0,0,0,0,0,0
3290,22,1,0,0,0,0,0,0
1412,2,1,0,0,0,0,0,0
3154,10,1,0,0,0,0,0,0
3777,62,1,0,0,0,0,0,0
1315,28,1,0,0,0,0,0,0
2286,97,1,0,0,0,0,0,0
1652,66,1,0,0,0,0,0,0
1885,99,1,0,0,0,0,0,0
3812,60,1,0,0,0,0,0,0
1799,93,1,0,0,0,0,0,0
314,68,1,0,0,0,0,0,0
2524,74,1,0,0,0,0,0,0
553,100,1,0,0,0,0,0,0
2722,5,1,0,0,0,0,0,0
321,56,1,0,0,0,0,0,0
2790,72,1,0,0,0,0,0,0
357,89,1,0,0,0,0,0,0
3174,52,1,0,0,0,0,0,0
2358,88,1,0,0,0,0,0,0
2162,87,1,0,0,0,0,0,0
3407,55,1,0,0,0,0,0,0
2272,24,1,0,0,0,0,0,0
1017,18,1,0,0,0,0,0,0
3675,56,1,0,0,0,0,0,0
1663,61,1,0,0,0,0,0,0
3578,72,1,0,0,0,0,0,0
2484,52,1,0,0,0,0,0,0
304,24,1,0,0,0,0,0,0
2671,55,1,0,0,0,0,0,0
1801,69,1,0,0,0,0,0,0
3149,91,1,0,0,0,0,0,0
3467,4,1,0,0,0,0,0,0
1422,88,1,0,0,0,0,0,0
594,65,1,0,0,0,0,0,0
3662,15,1,0,0,0,0,0,0
1958,94,1,0,0,0,0,0,0
1532,59,1,0,0,0,0,0,0
3399,77,1,0,0,0,0,0,0
134,29,1,0,0,0,0,0,0
1935,62,1,0,0,0,0,0,0
3083,25,1,0,0,0,0,0,0
977,25,1,0,0,0,0,0,0
281,2,1,0,0,0,0,0,0
883,3,1,0,0,0,0,0,0
3663,47,1,0,0,0,0,0,0
3898,36,1,0,0,0,0,0,0
1577,82,1,0,0,0,0,0,0
3240,9,1,0,0,0,0,0,0
2399,71,1,0,0,0,0,0,0
617,69,1,0,0,0,0,0,0
3286,76,1,0,0,0,0,0,0
3009,76,1,0,0,0,0,0,0
1771,100,1,0,0,0,0,0,0
3413,13,1,0,0,0,0,0,0
1693,3,1,0,0,0,0,0,0
2820,89,1,0,0,0,0,0,0
790,98,1,0,0,0,0,0,0
3609,86,1,0,0,0,0,0,0
947,84,1,0,0,0,0,0,0
2497,17,1,0,0,0,0,0,0
35,54,1,0,0,0,0,0,0
2515,79,1,0,0,0,0,0,0
825,15,1,0,0,0,0,0,0
268,100,1,0,0,0,0,0,0
3875,83,1,0,0,0,0,0,0
2221,31,1,0,0,0,0,0,0
2946,19,1,0,0,0,0,0,0
3655,76,1,0,0,0,0,0,0
1497,1,1,0,0,0,0,0,0
3426,99,1,0,0,0,0,0,0
2481,96,1,0,0,0,0,0,0
505,1,1,0,0,0,0,0,0
131,62,1,0,0,0,0,0,0
2178,77,1,0,0,0,0,0,0
1965,12,1,0,0,0,0,0,0
1484,54,1,0,0,0,0,0,0
3253,43,1,0,0,0,0,0,0
1463,10,1,0,0,0,0,0,0
2293,5,1,0,0,0,0,0,0
3172,64,1,0,0,0,0,0,0
2949,75,1,0,0,0,0,0,0
3795,45,1,0,0,0,0,0,0
3096,70,1,0,0,0,0,0,0
2643,42,1,0,0,0,0,0,0
3536,14,1,0,0,0,0,0,0
606,34,1,0,0,0,0,0,0
320,77,1,0,0,0,0,0,0
3561,62,1,0,0,0,0,0,0
3458,10,1,0,0,0,0,0,0
3806,7,1,0,0,0,0,0,0
38,33,1,0,0,0,0,0,0
183,52,1,0,0,0,0,0,0
1222,51,1,0,0,0,0,0,0
1964,60,1,0,0,0,0,0,0
3188,30,1,0,0,0,0,0,0
1342,94,1,0,0,0,0,0,0
1289,88,1,0,0,0,0,0,0
556,34,1,0,0,0,0,0,0
1562,22,1,0,0,0,0,0,0
2314,48,1,0,0,0,0,0,0
2327,32,1,0,0,0,0,0,0
1706,47,1,0,0,0,0,0,0
1509,57,1,0,0,0,0,0,0
3808,53,1,0,0,0,0,0,0
571,51,1,0,0,0,0,0,0
859,46,1,0,0,0,0,0,0
1204,30,1,0,0,0,0,0,0
3052,2,1,0,0,0,0,0,0
2398,19,1,0,0,0,0,0,0
756,56,1,0,0,0,0,0,0
423,76,1,0,0,0,0,0,0
581,84,1,0,0,0,0,0,0
103,55,1,0,0,0,0,0,0
917,62,1,0,0,0,0,0,0
1468,14,1,0,0,0,0,0,0
1151,42,1,0,0,0,0,0,0
58,68,1,0,0,0,0,0,0
1887,19,1,0,0,0,0,0,0
2601,11,1,0,0,0,0,0,0
1349,66,1,0,0,0,0,0,0
3234,83,1,0,0,0,0,0,0
832,82,1,0,0,0,0,0,0
3106,25,1,0,0,0,0,0,0
2928,35,1,0,0,0,0,0,0
3661,91,1,0,0,0,0,0,0
272,33,1,0,0,0,0,0,0
1426,55,1,0,0,0,0,0,0
941,41,1,0,0,0,0,0,0
1436,67,1,0,0,0,0,0,0
3740,67,1,0,0,0,0,0,0
3683,54,1,0,0,0,0,0,0
973,21,1,0,0,0,0,0,0
886,27,1,0,0,0,0,0,0
686,70,1,0,0,0,0,0,0
1476,45,1,0,0,0,0,0,0
224,72,1,0,0,0,0,0,0
2510,57,1,0,0,0,0,0,0
2039,64,1,0,0,0,0,0,0
964,38,1,0,0,0,0,0,0
2714,30,1,0,0,0,0,0,0
2288,31,1,0,0,0,0,0,0
2392,85,1,0,0,0,0,0,0
1282,53,1,0,0,0,0,0,0
3640,41,1,0,0,0,0,0,0
2483,71,1,0,0,0,0,0,0
1634,84,1,0,0,0,0,0,0
1586,17,1,0,0,0,0,0,0
2068,88,1,0,0,0,0,0,0
3481,64,1,0,0,0,0,0,0
3351,76,1,0,0,0,0,0,0
1411,11,1,0,0,0,0,0,0
2159,30,1,0,0,0,0,0,0
2161,18,1,0,0,0,0,0,0
1998,54,1,0,0,0,0,0,0
1121,68,1,0,0,0,0,0,0
1473,91,1,0,0,0,0,0,0
992,29,1,0,0,0,0,0,0
1653,67,1,0,0,0,0,0,0
2572,56,1,0,0,0,0,0,0
405,27,1,0,0,0,0,0,0
755,74,1,0,0,0,0,0,0
1636,28,1,0,0,0,0,0,0
2861,21,1,0,0,0,0,0,0
2290,74,1,0,0,0,0,0,0
2380,29,1,0,0,0,0,0,0
3910,58,1,0,0,0,0,0,0
477,19,1,0,0,0,0,0,0
3061,96,1,0,0,0,0,0,0
1310,42,1,0,0,0,0,0,0
674,60,1,0,0,0,0,0,0
2132,53,1,0,0,0,0,0,0
1477,77,1,0,0,0,0,0,0
3317,7,1,0,0,0,0,0,0
3375,11,1,0,0,0,0,0,0
3634,6,1,0,0,0,0,0,0
3697,43,1,0,0,0,0,0,0
3750,14,1,0,0,0,0,0,0
1445,62,1,0,0,0,0,0,0
3570,16,1,0,0,0,0,0,0
3548,79,1,0,0,0,0,0,0
3702,49,1,0,0,0,0,0,0
1119,99,1,0,0,0,0,0,0
2536,74,1,0,0,0,0,0,0
261,76,1,0,0,0,0,0,0
1789,2,1,0,0,0,0,0,0
6,50,1,0,0,0,0,0,0
92,60,1,0,0,0,0,0,0
2935,15,1,0,0,0,0,0,0
3604,43,1,0,0,0,0,0,0
3092,22,1,0,0,0,0,0,0
2898,49,1,0,0,0,0,0,0
3456,55,1,0,0,0,0,0,0
2181,11,1,0,0,0,0,0,0
3364,28,1,0,0,0,0,0,0
2244,71,1,0,0,0,0,0,0
3392,86,1,0,0,0,0,0,0
2941,93,1,0,0,0,0,0,0
994,27,1,0,0,0,0,0,0
980,82,1,0,0,0,0,0,0
2015,50,1,0,0,0,0,0,0
1024,73,1,0,0,0,0,0,0
3115,94,1,0,0,0,0,0,0
3758,49,1,0,0,0,0,0,0
3318,52,1,0,0,0,0,0,0
27,12,1,0,0,0,0,0,0
2522,83,1,0,0,0,0,0,0
814,3,1,0,0,0,0,0,0
3545,74,1,0,0,0,0,0,0
1607,99,1,0,0,0,0,0,0
3712,27,1,0,0,0,0,0,0
2748,57,1,0,0,0,0,0,0
394,31,1,0,0,0,0,0,0
43,25,1,0,0,0,0,0,0
3892,14,1,0,0,0,0,0,0
2918,11,1,0,0,0,0,0,0
2374,43,1,0,0,0,0,0,0
2121,76,1,0,0,0,0,0,0
1973,96,1,0,0,0,0,0,0
2459,75,1,0,0,0,0,0,0
422,11,1,0,0,0,0,0,0
3623,54,1,0,0,0,0,0,0
2403,4,1,0,0,0,0,0,0
1327,30,1,0,0,0,0,0,0
630,15,1,0,0,0,0,0,0
2951,90,1,0,0,0,0,0,0
3508,36,1,0,0,0,0,0,0
1796,36,1,0,0,0,0,0,0
558,87,1,0,0,0,0,0,0
3135,56,1,0,0,0,0,0,0
3657,55,1,0,0,0,0,0,0
2564,40,1,0,0,0,0,0,0
2379,59,1,0,0,0,0,0,0
2509,74,1,0,0,0,0,0,0
2402,88,1,0,0,0,0,0,0
1029,7,1,0,0,0,0,0,0
3342,39,1,0,0,0,0,0,0
3090,85,1,0,0,0,0,0,0
2441,76,1,0,0,0,0,0,0
3422,71,1,0,0,0,0,0,0
11,27,1,0,0,0,0,0,0
1609,13,1,0,0,0,0,0,0
3877,45,1,0,0,0,0,0,0
520,30,1,0,0,0,0,0,0
1944,81,1,0,0,0,0,0,0
2494,42,1,0,0,0,0,0,0
1096,32,1,0,0,0,0,0,0
1207,66,1,0,0,0,0,0,0
1260,57,1,0,0,0,0,0,0
2419,19,1,0,0,0,0,0,0
3680,11,1,0,0,0,0,0,0
438,13,1,0,0,0,0,0,0
1679,22,1,0,0,0,0,0,0
67,66,1,0,0,0,0,0,0
804,47,1,0,0,0,0,0,0
976,82,1,0,0,0,0,0,0
2896,2,1,0,0,0,0,0,0
88,61,1,0,0,0,0,0,0
1738,80,1,0,0,0,0,0,0
122,43,1,0,0,0,0,0,0
541,78,1,0,0,0,0,0,0
2670,69,1,0,0,0,0,0,0
701,91,1,0,0,0,0,0,0
1163,18,1,0,0,0,0,0,0
3279,37,1,0,0,0,0,0,0
2667,68,1,0,0,0,0,0,0
3023,33,1,0,0,0,0,0,0
2544,14,1,0,0,0,0,0,0
853,48,1,0,0,0,0,0,0
2225,35,1,0,0,0,0,0,0
666,24,1,0,0,0,0,0,0
1744,44,1,0,0,0,0,0,0
1428,5,1,0,0,0,0,0,0
2153,35,1,0,0,0,0,0,0
114,54,1,0,0,0,0,0,0
1287,31,1,0,0,0,0,0,0
1101,43,1,0,0,0,0,0,0
3519,51,1,0,0,0,0,0,0
769,41,1,0,0,0,0,0,0
2146,34,1,0,0,0,0,0,0
199,15,1,0,0,0,0,0,0
3223,84,1,0,0,0,0,0,0
1979,63,1,0,0,0,0,0,0
286,81,1,0,0,0,0,0,0
1409,49,1,0,0,0,0,0,0
2184,43,1,0,0,0,0,0,0
1269,63,1,0,0,0,0,0,0
3571,93,1,0,0,0,0,0,0
2915,72,1,0,0,0,0,0,0
3067,45,1,0,0,0,0,0,0
310,38,1,0,0,0,0,0,0
3334,9,1,0,0,0,0,0,0
3592,95,1,0,0,0,0,0,0
698,4,1,0,0,0,0,0,0
1898,38,1,0,0,0,0,0,0
1192,88,1,0,0,0,0,0,0
990,23,1,0,0,0,0,0,0
1731,37,1,0,0,0,0,0,0
87,51,1,0,0,0,0,0,0
407,49,1,0,0,0,0,0,0
3884,37,1,0,0,0,0,0,0
1090,84,1,0,0,0,0,0,0
1206,58,1,0,0,0,0,0,0
334,1,1,0,0,0,0,0,0
2504,58,1,0,0,0,0,0,0
1387,97,1,0,0,0,0,0,0
470,73,1,0,0,0,0,0,0
3433,24,1,0,0,0,0,0,0
2870,92,1,0,0,0,0,0,0
2969,68,1,0,0,0,0,0,0
3116,70,1,0,0,0,0,0,0
3001,25,1,0,0,0,0,0,0
2997,15,1,0,0,0,0,0,0
683,74,1,0,0,0,0,0,0
2255,93,1,0,0,0,0,0,0
647,88,1,0,0,0,0,0,0
1202,14,1,0,0,0,0,0,0
3826,99,1,0,0,0,0,0,0
833,78,1,0,0,0,0,0,0
3238,86,1,0,0,0,0,0,0
1913,16,1,0,0,0,0,0,0
1649,27,1,0,0,0,0,0,0
2341,40,1,0,0,0,0,0,0
2629,34,1,0,0,0,0,0,0
2263,95,1,0,0,0,0,0,0
625,77,1,0,0,0,0,0,0
236,43,1,0,0,0,0,0,0
713,21,1,0,0,0,0,0,0
257,46,1,0,0,0,0,0,0
2605,15,1,0,0,0,0,0,0
222,94,1,0,0,0,0,0,0
923,20,1,0,0,0,0,0,0
2428,5,1,0,0,0,0,0,0
628,42,1,0,0,0,0,0,0
46,45,1,0,0,0,0,0,0
2019,40,1,0,0,0,0,0,0
3136,33,1,0,0,0,0,0,0
1558,60,1,0,0,0,0,0,0
785,89,1,0,0,0,0,0,0
2680,81,1,0,0,0,0,0,0
3528,1,1,0,0,0,0,0,0
2445,80,1,0,0,0,0,0,0
1471,29,1,0,0,0,0,0,0
3285,64,1,0,0,0,0,0,0
2595,60,1,0,0,0,0,0,0
1245,75,1,0,0,0,0,0,0
3305,62,1,0,0,0,0,0,0
560,83,1,0,0,0,0,0,0
3682,40,1,0,0,0,0,0,0
2386,35,1,0,0,0,0,0,0
3292,51,1,0,0,0,0,0,0
1082,13,1,0,0,0,0,0,0
190,53,1,0,0,0,0,0,0
2725,37,1,0,0,0,0,0,0
1628,23,1,0,0,0,0,0,0
1495,34,1,0,0,0,0,0,0
3283,41,1,0,0,0,0,0,0
3483,18,1,0,0,0,0,0,0
679,79,1,0,0,0,0,0,0
1071,37,1,0,0,0,0,0,0
119,4,1,0,0,0,0,0,0
2821,86,1,0,0,0,0,0,0
1661,84,1,0,0,0,0,0,0
3130,50,1,0,0,0,0,0,0
2043,89,1,0,0,0,0,0,0
305,30,1,0,0,0,0,0,0
2301,34,1,0,0,0,0,0,0
835,48,1,0,0,0,0,0,0
1506,43,1,0,0,0,0,0,0
2944,43,1,0,0,0,0,0,0
1039,51,1,0,0,0,0,0,0
15,70,1,0,0,0,0,0,0
2234,42,1,0,0,0,0,0,0
3423,44,1,0,0,0,0,0,0
803,38,1,0,0,0,0,0,0
3386,32,1,0,0,0,0,0,0
1971,68,1,0,0,0,0,0,0
2744,3,1,0,0,0,0,0,0
1348,31,1,0,0,0,0,0,0
3479,84,1,0,0,0,0,0,0
2108,55,1,0,0,0,0,0,0
1357,35,1,0,0,0,0,0,0
1708,61,1,0,0,0,0,0,0
3221,52,1,0,0,0,0,0,0
3923,46,1,0,0,0,0,0,0
81,55,1,0,0,0,0,0,0
243,45,1,0,0,0,0,0,0
2455,48,1,0,0,0,0,0,0
2067,83,1,0,0,0,0,0,0
1721,19,1,0,0,0,0,0,0
2945,79,1,0,0,0,0,0,0
2716,9,1,0,0,0,0,0,0
18,45,1,0,0,0,0,0,0
473,72,1,0,0,0,0,0,0
1637,91,1,0,0,0,0,0,0
687,24,1,0,0,0,0,0,0
1762,87,1,0,0,0,0,0,0
3606,9,1,0,0,0,0,0,0
2924,9,1,0,0,0,0,0,0
403,36,1,0,0,0,0,0,0
2260,67,1,0,0,0,0,0,0
3086,71,1,0,0,0,0,0,0
2388,24,1,0,0,0,0,0,0
3454,35,1,0,0,0,0,0,0
892,34,1,0,0,0,0,0,0
1719,12,1,0,0,0,0,0,0
2694,56,1,0,0,0,0,0,0
364,56,1,0,0,0,0,0,0
3603,10,1,0,0,0,0,0,0
3558,17,1,0,0,0,0,0,0
284,27,1,0,0,0,0,0,0
691,11,1,0,0,0,0,0,0
3162,35,1,0,0,0,0,0,0
3527,87,1,0,0,0,0,0,0
2516,78,1,0,0,0,0,0,0
2954,97,1,0,0,0,0,0,0
2129,87,1,0,0,0,0,0,0
175,50,1,0,0,0,0,0,0
2851,94,1,0,0,0,0,0,0
1253,78,1,0,0,0,0,0,0
2986,70,1,0,0,0,0,0,0
2669,54,1,0,0,0,0,0,0
205,64,1,0,0,0,0,0,0
3685,19,1,0,0,0,0,0,0
2478,41,1,0,0,0,0,0,0
2440,33,1,0,0,0,0,0,0
1498,23,1,0,0,0,0,0,0
1781,29,1,0,0,0,0,0,0
3070,22,1,0,0,0,0,0,0
1019,63,1,0,0,0,0,0,0
3442,58,1,0,0,0,0,0,0
3270,53,1,0,0,0,0,0,0
2690,80,1,0,0,0,0,0,0
3914,67,1,0,0,0,0,0,0
619,33,1,0,0,0,0,0,0
3112,81,1,0,0,0,0,0,0
107,50,1,0,0,0,0,0,0
2970,77,1,0,0,0,0,0,0
794,39,1,0,0,0,0,0,0
2011,74,1,0,0,0,0,0,0
2395,62,1,0,0,0,0,0,0
2999,13,1,0,0,0,0,0,0
3752,21,1,0,0,0,0,0,0
3335,11,1,0,0,0,0,0,0
2968,37,1,0,0,0,0,0,0
2656,36,1,0,0,0,0,0,0
3883,64,1,0,0,0,0,0,0
2049,64,1,0,0,0,0,0,0
922,85,1,0,0,0,0,0,0
3312,18,1,0,0,0,0,0,0
542,32,1,0,0,0,0,0,0
1187,14,1,0,0,0,0,0,0
2607,66,1,0,0,0,0,0,0
2243,25,1,0,0,0,0,0,0
1535,99,1,0,0,0,0,0,0
2323,32,1,0,0,0,0,0,0
3517,84,1,0,0,0,0,0,0
2078,35,1,0,0,0,0,0,0
19,19,1,0,0,0,0,0,0
2214,12,1,0,0,0,0,0,0
1674,39,1,0,0,0,0,0,0
1302,7,1,0,0,0,0,0,0
3039,37,1,0,0,0,0,0,0
1643,5,1,0,0,0,0,0,0
2045,64,1,0,0,0,0,0,0
211,59,1,0,0,0,0,0,0
176,56,1,0,0,0,0,0,0
1914,47,1,0,0,0,0,0,0
2973,54,1,0,0,0,0,0,0
1267,39,1,0,0,0,0,0,0
3605,99,1,0,0,0,0,0,0
136,80,1,0,0,0,0,0,0
363,84,1,0,0,0,0,0,0
726,92,1,0,0,0,0,0,0
1147,18,1,0,0,0,0,0,0
47,63,1,0,0,0,0,0,0
2513,34,1,0,0,0,0,0,0
3622,87,1,0,0,0,0,0,0
2173,6,1,0,0,0,0,0,0
3358,21,1,0,0,0,0,0,0
1346,93,1,0,0,0,0,0,0
1727,87,1,0,0,0,0,0,0
1963,43,1,0,0,0,0,0,0
508,45,1,0,0,0,0,0,0
3597,62,1,0,0,0,0,0,0
362,47,1,0,0,0,0,0,0
1694,78,1,0,0,0,0,0,0
250,18,1,0,0,0,0,0,0
3117,4,1,0,0,0,0,0,0
3199,81,1,0,0,0,0,0,0
2728,57,1,0,0,0,0,0,0
3237,81,1,0,0,0,0,0,0
930,67,1,0,0,0,0,0,0
1371,8,1,0,0,0,0,0,0
230,24,1,0,0,0,0,0,0
1461,60,1,0,0,0,0,0,0
3595,15,1,0,0,0,0,0,0
2363,95,1,0,0,0,0,0,0
455,22,1,0,0,0,0,0,0
2770,67,1,0,0,0,0,0,0
2520,89,1,0,0,0,0,0,0
1155,74,1,0,0,0,0,0,0
2098,14,1,0,0,0,0,0,0
2451,21,1,0,0,0,0,0,0
3224,46,1,0,0,0,0,0,0
221,72,1,0,0,0,0,0,0
1385,39,1,0,0,0,0,0,0
1921,80,1,0,0,0,0,0,0
26,96,1,0,0,0,0,0,0
324,63,1,0,0,0,0,0,0
2331,62,1,0,0,0,0,0,0
2353,55,1,0,0,0,0,0,0
1814,42,1,0,0,0,0,0,0
551,17,1,0,0,0,0,0,0
2202,93,1,0,0,0,0,0,0
3093,91,1,0,0,0,0,0,0
1470,38,1,0,0,0,0,0,0
545,29,1,0,0,0,0,0,0
3032,55,1,0,0,0,0,0,0
2113,76,1,0,0,0,0,0,0
3772,70,1,0,0,0,0,0,0
3667,72,1,0,0,0,0,0,0
144,58,1,0,0,0,0,0,0
3920,10,1,0,0,0,0,0,0
2598,57,1,0,0,0,0,0,0
2755,52,1,0,0,0,0,0,0
1368,17,1,0,0,0,0,0,0
1773,38,1,0,0,0,0,0,0
2685,49,1,0,0,0,0,0,0
3449,77,1,0,0,0,0,0,0
1635,47,1,0,0,0,0,0,0
3004,86,1,0,0,0,0,0,0
133,33,1,0,0,0,0,0,0
380,29,1,0,0,0,0,0,0
2359,55,1,0,0,0,0,0,0
3827,13,1,0,0,0,0,0,0
783,8,1,0,0,0,0,0,0
16,10,1,0,0,0,0,0,0
3143,19,1,0,0,0,0,0,0
759,25,1,0,0,0,0,0,0
2974,57,1,0,0,0,0,0,0
1480,47,1,0,0,0,0,0,0
1231,24,1,0,0,0,0,0,0
10,11,1,0,0,0,0,0,0
3109,99,1,0,0,0,0,0,0
840,43,1,0,0,0,0,0,0
2701,38,1,0,0,0,0,0,0
618,36,1,0,0,0,0,0,0
1557,100,1,0,0,0,0,0,0
223,43,1,0,0,0,0,0,0
1196,85,1,0,0,0,0,0,0
1136,94,1,0,0,0,0,0,0
1237,3,1,0,0,0,0,0,0
707,15,1,0,0,0,0,0,0
2824,6,1,0,0,0,0,0,0
1714,72,1,0,0,0,0,0,0
1474,21,1,0,0,0,0,0,0
3693,63,1,0,0,0,0,0,0
656,10,1,0,0,0,0,0,0
336,24,1,0,0,0,0,0,0
3191,42,1,0,0,0,0,0,0
2845,40,1,0,0,0,0,0,0
419,83,1,0,0,0,0,0,0
75,29,1,0,0,0,0,0,0
306,72,1,0,0,0,0,0,0
1933,58,1,0,0,0,0,0,0
3445,72,1,0,0,0,0,0,0
2858,29,1,0,0,0,0,0,0
3417,15,1,0,0,0,0,0,0
2143,60,1,0,0,0,0,0,0
171,21,1,0,0,0,0,0,0
71,80,1,0,0,0,0,0,0
3288,48,1,0,0,0,0,0,0
3326,71,1,0,0,0,0,0,0
2344,43,1,0,0,0,0,0,0
1238,65,1,0,0,0,0,0,0
2397,43,1,0,0,0,0,0,0
1154,43,1,0,0,0,0,0,0
1479,51,1,0,0,0,0,0,0
1809,66,1,0,0,0,0,0,0
1774,66,1,0,0,0,0,0,0
3861,11,1,0,0,0,0,0,0
1559,29,1,0,0,0,0,0,0
2769,47,1,0,0,0,0,0,0
1362,70,1,0,0,0,0,0,0
1896,94,1,0,0,0,0,0,0
2800,58,1,0,0,0,0,0,0
3301,50,1,0,0,0,0,0,0
2342,3,1,0,0,0,0,0,0
1216,79,1,0,0,0,0,0,0
1000,57,1,0,0,0,0,0,0
1941,8,1,0,0,0,0,0,0
739,3,1,0,0,0,0,0,0
3809,60,1,0,0,0,0,0,0
3717,92,1,0,0,0,0,0,0
2850,44,1,0,0,0,0,0,0
997,83,1,0,0,0,0,0,0
3119,66,1,0,0,0,0,0,0
3759,89,1,0,0,0,0,0,0
174,81,1,0,0,0,0,0,0
1450,16,1,0,0,0,0,0,0
232,90,1,0,0,0,0,0,0
779,34,1,0,0,0,0,0,0
343,47,1,0,0,0,0,0,0
2628,61,1,0,0,0,0,0,0
795,89,1,0,0,0,0,0,0
1853,23,1,0,0,0,0,0,0
220,95,1,0,0,0,0,0,0
3181,68,1,0,0,0,0,0,0
1732,94,1,0,0,0,0,0,0
1788,68,1,0,0,0,0,0,0
3501,98,1,0,0,0,0,0,0
263,86,1,0,0,0,0,0,0
1365,72,1,0,0,0,0,0,0
3127,76,1,0,0,0,0,0,0
97,13,1,0,0,0,0,0,0
3878,19,1,0,0,0,0,0,0
902,86,1,0,0,0,0,0,0
3565,12,1,0,0,0,0,0,0
1295,32,1,0,0,0,0,0,0
1849,47,1,0,0,0,0,0,0
1956,56,1,0,0,0,0,0,0
2645,25,1,0,0,0,0,0,0
3824,78,1,0,0,0,0,0,0
2270,24,1,0,0,0,0,0,0
1460,31,1,0,0,0,0,0,0
1666,3,1,0,0,0,0,0,0
891,20,1,0,0,0,0,0,0
3385,45,1,0,0,0,0,0,0
2215,52,1,0,0,0,0,0,0
2027,29,1,0,0,0,0,0,0
458,56,1,0,0,0,0,0,0
2709,85,1,0,0,0,0,0,0
3851,13,1,0,0,0,0,0,0
862,53,1,0,0,0,0,0,0
2436,100,1,0,0,0,0,0,0
342,37,1,0,0,0,0,0,0
345,62,1,0,0,0,0,0,0
738,27,1,0,0,0,0,0,0
3598,36,1,0,0,0,0,0,0
1370,33,1,0,0,0,0,0,0
584,25,1,0,0,0,0,0,0
1614,21,1,0,0,0,0,0,0
2164,41,1,0,0,0,0,0,0
3338,78,1,0,0,0,0,0,0
2752,74,1,0,0,0,0,0,0
475,38,1,0,0,0,0,0,0
2912,78,1,0,0,0,0,0,0
2779,32,1,0,0,0,0,0,0
2863,38,1,0,0,0,0,0,0
476,75,1,0,0,0,0,0,0
3113,58,1,0,0,0,0,0,0
2909,5,1,0,0,0,0,0,0
596,19,1,0,0,0,0,0,0
3022,3,1,0,0,0,0,0,0
384,48,1,0,0,0,0,0,0
3499,99,1,0,0,0,0,0,0
1867,10,1,0,0,0,0,0,0
926,10,1,0,0,0,0,0,0
1601,40,1,0,0,0,0,0,0
503,52,1,0,0,0,0,0,0
28,80,1,0,0,0,0,0,0
1848,18,1,0,0,0,0,0,0
3082,65,1,0,0,0,0,0,0
1840,75,1,0,0,0,0,0,0
2348,68,1,0,0,0,0,0,0
1584,19,1,0,0,0,0,0,0
2957,97,1,0,0,0,0,0,0
2958,29,1,0,0,0,0,0,0
367,96,1,0,0,0,0,0,0
2382,41,1,0,0,0,0,0,0
1590,66,1,0,0,0,0,0,0
3513,28,1,0,0,0,0,0,0
1145,7,1,0,0,0,0,0,0
3266,18,1,0,0,0,0,0,0
2977,47,1,0,0,0,0,0,0
1292,32,1,0,0,0,0,0,0
1930,49,1,0,0,0,0,0,0
3203,66,1,0,0,0,0,0,0
2432,45,1,0,0,0,0,0,0
742,51,1,0,0,0,0,0,0
1873,73,1,0,0,0,0,0,0
3014,23,1,0,0,0,0,0,0
1859,82,1,0,0,0,0,0,0
1233,40,1,0,0,0,0,0,0
3516,72,1,0,0,0,0,0,0
3686,57,1,0,0,0,0,0,0
2775,33,1,0,0,0,0,0,0
3018,77,1,0,0,0,0,0,0
139,49,1,0,0,0,0,0,0
1604,82,1,0,0,0,0,0,0
59,78,1,0,0,0,0,0,0
474,49,1,0,0,0,0,0,0
3550,64,1,0,0,0,0,0,0
2662,54,1,0,0,0,0,0,0
3553,21,1,0,0,0,0,0,0
2420,3,1,0,0,0,0,0,0
583,10,1,0,0,0,0,0,0
2632,86,1,0,0,0,0,0,0
3645,64,1,0,0,0,0,0,0
450,29,1,0,0,0,0,0,0
811,64,1,0,0,0,0,0,0
42,39,1,0,0,0,0,0,0
2787,13,1,0,0,0,0,0,0
196,99,1,0,0,0,0,0,0
356,49,1,0,0,0,0,0,0
2239,76,1,0,0,0,0,0,0
3012,64,1,0,0,0,0,0,0
1300,1,1,0,0,0,0,0,0
1699,6,1,0,0,0,0,0,0
1769,1,1,0,0,0,0,0,0
3580,9,1,0,0,0,0,0,0
1810,81,1,0,0,0,0,0,0
2149,33,1,0,0,0,0,0,0
2661,21,1,0,0,0,0,0,0
266,85,1,0,0,0,0,0,0
358,89,1,0,0,0,0,0,0
371,4,1,0,0,0,0,0,0
1763,86,1,0,0,0,0,0,0
1320,52,1,0,0,0,0,0,0
610,63,1,0,0,0,0,0,0
762,23,1,0,0,0,0,0,0
3158,99,1,0,0,0,0,0,0
3847,2,1,0,0,0,0,0,0
2267,7,1,0,0,0,0,0,0
940,41,1,0,0,0,0,0,0
30,80,1,0,0,0,0,0,0
1838,39,1,0,0,0,0,0,0
2745,12,1,0,0,0,0,0,0
1296,44,1,0,0,0,0,0,0
447,51,1,0,0,0,0,0,0
2192,78,1,0,0,0,0,0,0
793,92,1,0,0,0,0,0,0
663,64,1,0,0,0,0,0,0
1094,43,1,0,0,0,0,0,0
2446,1,1,0,0,0,0,0,0
3765,53,1,0,0,0,0,0,0
3435,82,1,0,0,0,0,0,0
1001,42,1,0,0,0,0,0,0
1127,82,1,0,0,0,0,0,0
3533,55,1,0,0,0,0,0,0
3076,19,1,0,0,0,0,0,0
2962,70,1,0,0,0,0,0,0
1066,6,1,0,0,0,0,0,0
730,60,1,0,0,0,0,0,0
2166,24,1,0,0,0,0,0,0
598,25,1,0,0,0,0,0,0
2713,73,1,0,0,0,0,0,0
1135,57,1,0,0,0,0,0,0
3560,91,1,0,0,0,0,0,0
1242,67,1,0,0,0,0,0,0
3636,93,1,0,0,0,0,0,0
942,39,1,0,0,0,0,0,0
3431,94,1,0,0,0,0,0,0
3045,9,1,0,0,0,0,0,0
533,93,1,0,0,0,0,0,0
416,30,1,0,0,0,0,0,0
854,2,1,0,0,0,0,0,0
330,87,1,0,0,0,0,0,0
1363,93,1,0,0,0,0,0,0
482,44,1,0,0,0,0,0,0
807,85,1,0,0,0,0,0,0
2087,28,1,0,0,0,0,0,0
1002,77,1,0,0,0,0,0,0
2862,70,1,0,0,0,0,0,0
1871,16,1,0,0,0,0,0,0
472,8,1,0,0,0,0,0,0
3024,36,1,0,0,0,0,0,0
41,77,1,0,0,0,0,0,0
1384,39,1,0,0,0,0,0,0
632,55,1,0,0,0,0,0,0
1743,32,1,0,0,0,0,0,0
2276,16,1,0,0,0,0,0,0
2444,50,1,0,0,0,0,0,0
1171,83,1,0,0,0,0,0,0
695,57,1,0,0,0,0,0,0
1241,55,1,0,0,0,0,0,0
2186,91,1,0,0,0,0,0,0
2721,16,1,0,0,0,0,0,0
100,95,1,0,0,0,0,0,0
3678,56,1,0,0,0,0,0,0
231,30,1,0,0,0,0,0,0
64,55,1,0,0,0,0,0,0
1543,15,1,0,0,0,0,0,0
1102,32,1,0,0,0,0,0,0
1288,83,1,0,0,0,0,0,0
2501,53,1,0,0,0,0,0,0
348,32,1,0,0,0,0,0,0
2981,19,1,0,0,0,0,0,0
1989,13,1,0,0,0,0,0,0
1757,40,1,0,0,0,0,0,0
877,16,1,0,0,0,0,0,0
2350,40,1,0,0,0,0,0,0
871,44,1,0,0,0,0,0,0
3739,81,1,0,0,0,0,0,0
1500,35,1,0,0,0,0,0,0
1572,7,1,0,0,0,0,0,0
1815,50,1,0,0,0,0,0,0
3073,26,1,0,0,0,0,0,0
2567,100,1,0,0,0,0,0,0
1379,74,1,0,0,0,0,0,0
2637,92,1,0,0,0,0,0,0
747,27,1,0,0,0,0,0,0
1186,69,1,0,0,0,0,0,0
2334,86,1,0,0,0,0,0,0
2919,80,1,0,0,0,0,0,0
3665,86,1,0,0,0,0,0,0
3213,64,1,0,0,0,0,0,0
1625,50,1,0,0,0,0,0,0
1645,38,1,0,0,0,0,0,0
3002,33,1,0,0,0,0,0,0
25,2,1,0,0,0,0,0,0
2638,99,1,0,0,0,0,0,0
3915,85,1,0,0,0,0,0,0
300,7,1,0,0,0,0,0,0
1080,11,1,0,0,0,0,0,0
704,62,1,0,0,0,0,0,0
654,35,1,0,0,0,0,0,0
959,41,1,0,0,0,0,0,0
1513,74,1,0,0,0,0,0,0
576,38,1,0,0,0,0,0,0
2050,53,1,0,0,0,0,0,0
3774,80,1,0,0,0,0,0,0
288,86,1,0,0,0,0,0,0
431,15,1,0,0,0,0,0,0
2394,53,1,0,0,0,0,0,0
3011,90,1,0,0,0,0,0,0
1353,84,1,0,0,0,0,0,0
3195,58,1,0,0,0,0,0,0
3036,7,1,0,0,0,0,0,0
1244,64,1,0,0,0,0,0,0
3810,92,1,0,0,0,0,0,0
3917,70,1,0,0,0,0,0,0
3725,73,1,0,0,0,0,0,0
484,32,1,0,0,0,0,0,0
2526,99,1,0,0,0,0,0,0
3787,7,1,0,0,0,0,0,0
2550,76,1,0,0,0,0,0,0
2169,52,1,0,0,0,0,0,0
2435,87,1,0,0,0,0,0,0
2803,61,1,0,0,0,0,0,0
699,63,1,0,0,0,0,0,0
975,22,1,0,0,0,0,0,0
3077,56,1,0,0,0,0,0,0
501,10,1,0,0,0,0,0,0
1952,73,1,0,0,0,0,0,0
1144,78,1,0,0,0,0,0,0
3532,83,1,0,0,0,0,0,0
1701,87,1,0,0,0,0,0,0
1599,100,1,0,0,0,0,0,0
2282,19,1,0,0,0,0,0,0
1924,54,1,0,0,0,0,0,0
3554,7,1,0,0,0,0,0,0
179,35,1,0,0,0,0,0,0
3254,79,1,0,0,0,0,0,0
2715,79,1,0,0,0,0,0,0
3173,36,1,0,0,0,0,0,0
1098,90,1,0,0,0,0,0,0
490,33,1,0,0,0,0,0,0
720,16,1,0,0,0,0,0,0
2343,87,1,0,0,0,0,0,0
3651,59,1,0,0,0,0,0,0
2988,15,1,0,0,0,0,0,0
1922,61,1,0,0,0,0,0,0
2345,74,1,0,0,0,0,0,0
2002,66,1,0,0,0,0,0,0
3478,18,1,0,0,0,0,0,0
2017,40,1,0,0,0,0,0,0
652,40,1,0,0,0,0,0,0
388,4,1,0,0,0,0,0,0
2991,40,1,0,0,0,0,0,0
445,62,1,0,0,0,0,0,0
399,47,1,0,0,0,0,0,0
3900,7,1,0,0,0,0,0,0
460,4,1,0,0,0,0,0,0
1343,70,1,0,0,0,0,0,0
3770,80,1,0,0,0,0,0,0
518,40,1,0,0,0,0,0,0
2463,9,1,0,0,0,0,0,0
2127,1,1,0,0,0,0,0,0
2890,95,1,0,0,0,0,0,0
2920,88,1,0,0,0,0,0,0
3110,70,1,0,0,0,0,0,0
2781,2,1,0,0,0,0,0,0
1525,60,1,0,0,0,0,0,0
2190,2,1,0,0,0,0,0,0
2653,96,1,0,0,0,0,0,0
1061,18,1,0,0,0,0,0,0
1303,89,1,0,0,0,0,0,0
3372,46,1,0,0,0,0,0,0
1130,5,1,0,0,0,0,0,0
1129,53,1,0,0,0,0,0,0
1819,23,1,0,0,0,0,0,0
3098,80,1,0,0,0,0,0,0
1318,6,1,0,0,0,0,0,0
3367,97,1,0,0,0,0,0,0
178,93,1,0,0,0,0,0,0
2257,12,1,0,0,0,0,0,0
2992,2,1,0,0,0,0,0,0
1752,61,1,0,0,0,0,0,0
3451,70,1,0,0,0,0,0,0
2773,58,1,0,0,0,0,0,0
1488,69,1,0,0,0,0,0,0
2447,43,1,0,0,0,0,0,0
2054,94,1,0,0,0,0,0,0
3031,37,1,0,0,0,0,0,0
1832,77,1,0,0,0,0,0,0
1235,46,1,0,0,0,0,0,0
426,1,1,0,0,0,0,0,0
2065,28,1,0,0,0,0,0,0
889,13,1,0,0,0,0,0,0
1128,98,1,0,0,0,0,0,0
1415,31,1,0,0,0,0,0,0
1105,79,1,0,0,0,0,0,0
2777,89,1,0,0,0,0,0,0
1747,62,1,0,0,0,0,0,0
372,48,1,0,0,0,0,0,0
1824,97,1,0,0,0,0,0,0
2495,27,1,0,0,0,0,0,0
3400,51,1,0,0,0,0,0,0
1512,85,1,0,0,0,0,0,0
1046,49,1,0,0,0,0,0,0
845,55,1,0,0,0,0,0,0
2554,56,1,0,0,0,0,0,0
3349,73,1,0,0,0,0,0,0
3352,56,1,0,0,0,0,0,0
3823,46,1,0,0,0,0,0,0
1551,11,1,0,0,0,0,0,0
2573,32,1,0,0,0,0,0,0
150,21,1,0,0,0,0,0,0
3441,88,1,0,0,0,0,0,0
1331,79,1,0,0,0,0,0,0
1053,87,1,0,0,0,0,0,0
836,68,1,0,0,0,0,0,0
3159,20,1,0,0,0,0,0,0
2650,99,1,0,0,0,0,0,0
1802,36,1,0,0,0,0,0,0
3652,95,1,0,0,0,0,0,0
3421,16,1,0,0,0,0,0,0
1358,56,1,0,0,0,0,0,0
1123,16,1,0,0,0,0,0,0
573,41,1,0,0,0,0,0,0
3638,74,1,0,0,0,0,0,0
1622,81,1,0,0,0,0,0,0
285,19,1,0,0,0,0,0,0
890,21,1,0,0,0,0,0,0
2032,63,1,0,0,0,0,0,0
3408,57,1,0,0,0,0,0,0
1164,28,1,0,0,0,0,0,0
3131,16,1,0,0,0,0,0,0
2698,53,1,0,0,0,0,0,0
1733,39,1,0,0,0,0,0,0
3522,55,1,0,0,0,0,0,0
3350,75,1,0,0,0,0,0,0
2541,72,1,0,0,0,0,0,0
3178,15,1,0,0,0,0,0,0
3182,16,1,0,0,0,0,0,0
1465,52,1,0,0,0,0,0,0
1298,31,1,0,0,0,0,0,0
2040,62,1,0,0,0,0,0,0
1595,96,1,0,0,0,0,0,0
2372,52,1,0,0,0,0,0,0
1005,68,1,0,0,0,0,0,0
2117,99,1,0,0,0,0,0,0
1593,100,1,0,0,0,0,0,0
2546,95,1,0,0,0,0,0,0
1067,68,1,0,0,0,0,0,0
1423,65,1,0,0,0,0,0,0
3628,79,1,0,0,0,0,0,0
3287,65,1,0,0,0,0,0,0
2743,5,1,0,0,0,0,0,0
1037,77,1,0,0,0,0,0,0
1548,4,1,0,0,0,0,0,0
1249,22,1,0,0,0,0,0,0
3539,93,1,0,0,0,0,0,0
3681,75,1,0,0,0,0,0,0
2873,38,1,0,0,0,0,0,0
868,49,1,0,0,0,0,0,0
1610,71,1,0,0,0,0,0,0
3549,30,1,0,0,0,0,0,0
1158,18,1,0,0,0,0,0,0
1702,100,1,0,0,0,0,0,0
2530,13,1,0,0,0,0,0,0
1273,53,1,0,0,0,0,0,0
2699,23,1,0,0,0,0,0,0
1696,38,1,0,0,0,0,0,0
3511,70,1,0,0,0,0,0,0
2430,97,1,0,0,0,0,0,0
3487,79,1,0,0,0,0,0,0
1397,100,1,0,0,0,0,0,0
3265,12,1,0,0,0,0,0,0
3901,67,1,0,0,0,0,0,0
2126,69,1,0,0,0,0,0,0
1591,88,1,0,0,0,0,0,0
3069,37,1,0,0,0,0,0,0
1673,69,1,0,0,0,0,0,0
3271,9,1,0,0,0,0,0,0
3387,47,1,0,0,0,0,0,0
2614,99,1,0,0,0,0,0,0
3388,3,1,0,0,0,0,0,0
201,15,1,0,0,0,0,0,0
3446,51,1,0,0,0,0,0,0
1109,9,1,0,0,0,0,0,0
3624,1,1,0,0,0,0,0,0
3311,100,1,0,0,0,0,0,0
3907,16,1,0,0,0,0,0,0
988,21,1,0,0,0,0,0,0
2183,42,1,0,0,0,0,0,0
3757,57,1,0,0,0,0,0,0
3584,26,1,0,0,0,0,0,0
3542,20,1,0,0,0,0,0,0
1499,13,1,0,0,0,0,0,0
383,62,1,0,0,0,0,0,0
237,66,1,0,0,0,0,0,0
3828,77,1,0,0,0,0,0,0
1020,82,1,0,0,0,0,0,0
2000,41,1,0,0,0,0,0,0
1148,91,1,0,0,0,0,0,0
798,48,1,0,0,0,0,0,0
1955,67,1,0,0,0,0,0,0
1133,34,1,0,0,0,0,0,0
3564,50,1,0,0,0,0,0,0
1949,10,1,0,0,0,0,0,0
3328,50,1,0,0,0,0,0,0
1382,10,1,0,0,0,0,0,0
3887,13,1,0,0,0,0,0,0
1070,4,1,0,0,0,0,0,0
3849,88,1,0,0,0,0,0,0
2279,67,1,0,0,0,0,0,0
784,27,1,0,0,0,0,0,0
2886,50,1,0,0,0,0,0,0
2135,50,1,0,0,0,0,0,0
3080,23,1,0,0,0,0,0,0
2854,5,1,0,0,0,0,0,0
1724,15,1,0,0,0,0,0,0
1386,70,1,0,0,0,0,0,0
3324,28,1,0,0,0,0,0,0
810,41,1,0,0,0,0,0,0
2325,49,1,0,0,0,0,0,0
1837,86,1,0,0,0,0,0,0
1405,32,1,0,0,0,0,0,0
830,76,1,0,0,0,0,0,0
2059,2,1,0,0,0,0,0,0
1457,11,1,0,0,0,0,0,0
3805,61,1,0,0,0,0,0,0
2976,62,1,0,0,0,0,0,0
1085,67,1,0,0,0,0,0,0
1449,36,1,0,0,0,0,0,0
1404,42,1,0,0,0,0,0,0
2952,68,1,0,0,0,0,0,0
1060,36,1,0,0,0,0,0,0
773,19,1,0,0,0,0,0,0
1077,26,1,0,0,0,0,0,0
516,76,1,0,0,0,0,0,0
1416,64,1,0,0,0,0,0,0
279,52,1,0,0,0,0,0,0
1990,70,1,0,0,0,0,0,0
2001,39,1,0,0,0,0,0,0
2902,56,1,0,0,0,0,0,0
2034,55,1,0,0,0,0,0,0
2247,59,1,0,0,0,0,0,0
182,40,1,0,0,0,0,0,0
3709,56,1,0,0,0,0,0,0
822,71,1,0,0,0,0,0,0
3047,62,1,0,0,0,0,0,0
2021,48,1,0,0,0,0,0,0
1775,79,1,0,0,0,0,0,0
1074,79,1,0,0,0,0,0,0
1863,93,1,0,0,0,0,0,0
1307,19,1,0,0,0,0,0,0
2057,38,1,0,0,0,0,0,0
985,89,1,0,0,0,0,0,0
500,6,1,0,0,0,0,0,0
3382,1,1,0,0,0,0,0,0
2250,20,1,0,0,0,0,0,0
658,87,1,0,0,0,0,0,0
1623,25,1,0,0,0,0,0,0
3228,97,1,0,0,0,0,0,0
2004,71,1,0,0,0,0,0,0
3618,47,1,0,0,0,0,0,0
1542,32,1,0,0,0,0,0,0
577,38,1,0,0,0,0,0,0
620,30,1,0,0,0,0,0,0
837,68,1,0,0,0,0,0,0
3745,37,1,0,0,0,0,0,0
2226,98,1,0,0,0,0,0,0
3591,89,1,0,0,0,0,0,0
2782,68,1,0,0,0,0,0,0
3333,65,1,0,0,0,0,0,0
613,58,1,0,0,0,0,0,0
2106,86,1,0,0,0,0,0,0
1156,83,1,0,0,0,0,0,0
2553,34,1,0,0,0,0,0,0
1205,88,1,0,0,0,0,0,0
2712,52,1,0,0,0,0,0,0
1529,16,1,0,0,0,0,0,0
164,14,1,0,0,0,0,0,0
2543,65,1,0,0,0,0,0,0
734,84,1,0,0,0,0,0,0
629,8,1,0,0,0,0,0,0
291,22,1,0,0,0,0,0,0
1942,98,1,0,0,0,0,0,0
1033,14,1,0,0,0,0,0,0
3269,27,1,0,0,0,0,0,0
2467,70,1,0,0,0,0,0,0
2788,63,1,0,0,0,0,0,0
3180,36,1,0,0,0,0,0,0
2819,6,1,0,0,0,0,0,0
727,82,1,0,0,0,0,0,0
1116,14,1,0,0,0,0,0,0
2265,50,1,0,0,0,0,0,0
3438,20,1,0,0,0,0,0,0
3303,21,1,0,0,0,0,0,0
1655,46,1,0,0,0,0,0,0
2064,50,1,0,0,0,0,0,0
1389,83,1,0,0,0,0,0,0
3870,21,1,0,0,0,0,0,0
1026,20,1,0,0,0,0,0,0
2313,69,1,0,0,0,0,0,0
866,92,1,0,0,0,0,0,0
264,45,1,0,0,0,0,0,0
3840,88,1,0,0,0,0,0,0
638,84,1,0,0,0,0,0,0
466,40,1,0,0,0,0,0,0
2157,63,1,0,0,0,0,0,0
2960,5,1,0,0,0,0,0,0
1820,80,1,0,0,0,0,0,0
462,26,1,0,0,0,0,0,0
831,63,1,0,0,0,0,0,0
3074,56,1,0,0,0,0,0,0
2088,5,1,0,0,0,0,0,0
673,5,1,0,0,0,0,0,0
1224,53,1,0,0,0,0,0,0
3866,11,1,0,0,0,0,0,0
3792,68,1,0,0,0,0,0,0
3762,60,1,0,0,0,0,0,0
2817,93,1,0,0,0,0,0,0
2080,26,1,0,0,0,0,0,0
2835,40,1,0,0,0,0,0,0
2517,77,1,0,0,0,0,0,0
1324,76,1,0,0,0,0,0,0
400,72,1,0,0,0,0,0,0
1161,96,1,0,0,0,0,0,0
2731,56,1,0,0,0,0,0,0
3822,6,1,0,0,0,0,0,0
228,95,1,0,0,0,0,0,0
1462,29,1,0,0,0,0,0,0
369,65,1,0,0,0,0,0,0
504,27,1,0,0,0,0,0,0
2634,28,1,0,0,0,0,0,0
2972,24,1,0,0,0,0,0,0
681,14,1,0,0,0,0,0,0
3543,48,1,0,0,0,0,0,0
440,99,1,0,0,0,0,0,0
1736,79,1,0,0,0,0,0,0
1575,5,1,0,0,0,0,0,0
2307,76,1,0,0,0,0,0,0
1991,14,1,0,0,0,0,0,0
2936,41,1,0,0,0,0,0,0
1779,57,1,0,0,0,0,0,0
552,78,1,0,0,0,0,0,0
1767,61,1,0,0,0,0,0,0
2776,55,1,0,0,0,0,0,0
3003,59,1,0,0,0,0,0,0
3905,22,1,0,0,0,0,0,0
3881,13,1,0,0,0,0,0,0
106,89,1,0,0,0,0,0,0
3635,47,1,0,0,0,0,0,0
3248,63,1,0,0,0,0,0,0
229,23,1,0,0,0,0,0,0
3145,16,1,0,0,0,0,0,0
2385,48,1,0,0,0,0,0,0
3507,38,1,0,0,0,0,0,0
1170,51,1,0,0,0,0,0,0
1976,94,1,0,0,0,0,0,0
1798,40,1,0,0,0,0,0,0
1758,78,1,0,0,0,0,0,0
530,77,1,0,0,0,0,0,0
2692,54,1,0,0,0,0,0,0
806,76,1,0,0,0,0,0,0
3654,46,1,0,0,0,0,0,0
3581,25,1,0,0,0,0,0,0
3730,74,1,0,0,0,0,0,0
2885,84,1,0,0,0,0,0,0
2689,98,1,0,0,0,0,0,0
1311,42,1,0,0,0,0,0,0
2600,61,1,0,0,0,0,0,0
2867,26,1,0,0,0,0,0,0
3035,18,1,0,0,0,0,0,0
3262,97,1,0,0,0,0,0,0
217,42,1,0,0,0,0,0,0
2089,67,1,0,0,0,0,0,0
1588,49,1,0,0,0,0,0,0
3744,85,1,0,0,0,0,0,0
3710,60,1,0,0,0,0,0,0
3302,46,1,0,0,0,0,0,0
459,75,1,0,0,0,0,0,0
1200,57,1,0,0,0,0,0,0
2302,2,1,0,0,0,0,0,0
3015,52,1,0,0,0,0,0,0
1987,82,1,0,0,0,0,0,0
3156,34,1,0,0,0,0,0,0
3163,64,1,0,0,0,0,0,0
1360,74,1,0,0,0,0,0,0
2663,37,1,0,0,0,0,0,0
57,1,1,0,0,0,0,0,0
1549,58,1,0,0,0,0,0,0
3579,63,1,0,0,0,0,0,0
2142,8,1,0,0,0,0,0,0
2961,81,1,0,0,0,0,0,0
1700,31,1,0,0,0,0,0,0
2180,59,1,0,0,0,0,0,0
3841,91,1,0,0,0,0,0,0
3414,63,1,0,0,0,0,0,0
3321,10,1,0,0,0,0,0,0
453,54,1,0,0,0,0,0,0
2764,8,1,0,0,0,0,0,0
1538,16,1,0,0,0,0,0,0
1198,8,1,0,0,0,0,0,0
3037,18,1,0,0,0,0,0,0
949,72,1,0,0,0,0,0,0
3054,64,1,0,0,0,0,0,0
3589,98,1,0,0,0,0,0,0
184,65,1,0,0,0,0,0,0
2793,38,1,0,0,0,0,0,0
2093,29,1,0,0,0,0,0,0
931,40,1,0,0,0,0,0,0
128,28,1,0,0,0,0,0,0
3376,5,1,0,0,0,0,0,0
3268,30,1,0,0,0,0,0,0
670,43,1,0,0,0,0,0,0
3897,18,1,0,0,0,0,0,0
1126,98,1,0,0,0,0,0,0
1999,8,1,0,0,0,0,0,0
842,51,1,0,0,0,0,0,0
2729,100,1,0,0,0,0,0,0
1339,43,1,0,0,0,0,0,0
435,15,1,0,0,0,0,0,0
3705,26,1,0,0,0,0,0,0
3403,85,1,0,0,0,0,0,0
260,62,1,0,0,0,0,0,0
2347,9,1,0,0,0,0,0,0
3601,41,1,0,0,0,0,0,0
2881,55,1,0,0,0,0,0,0
1341,12,1,0,0,0,0,0,0
391,68,1,0,0,0,0,0,0
1003,9,1,0,0,0,0,0,0
702,17,1,0,0,0,0,0,0
1137,31,1,0,0,0,0,0,0
1675,46,1,0,0,0,0,0,0
2577,48,1,0,0,0,0,0,0
2119,100,1,0,0,0,0,0,0
2158,98,1,0,0,0,0,0,0
283,56,1,0,0,0,0,0,0
2036,36,1,0,0,0,0,0,0
3491,77,1,0,0,0,0,0,0
2452,87,1,0,0,0,0,0,0
1515,33,1,0,0,0,0,0,0
1833,96,1,0,0,0,0,0,0
1106,75,1,0,0,0,0,0,0
768,36,1,0,0,0,0,0,0
2185,66,1,0,0,0,0,0,0
2757,74,1,0,0,0,0,0,0
2177,61,1,0,0,0,0,0,0
2624,70,1,0,0,0,0,0,0
2439,8,1,0,0,0,0,0,0
1294,72,1,0,0,0,0,0,0
1753,44,1,0,0,0,0,0,0
3648,74,1,0,0,0,0,0,0
68,48,1,0,0,0,0,0,0
1265,24,1,0,0,0,0,0,0
3141,33,1,0,0,0,0,0,0
408,26,1,0,0,0,0,0,0
3176,33,1,0,0,0,0,0,0
1950,14,1,0,0,0,0,0,0
1236,51,1,0,0,0,0,0,0
3837,29,1,0,0,0,0,0,0
2232,15,1,0,0,0,0,0,0
3668,99,1,0,0,0,0,0,0
2705,1,1,0,0,0,0,0,0
3171,70,1,0,0,0,0,0,0
3369,13,1,0,0,0,0,0,0
1446,21,1,0,0,0,0,0,0
3498,61,1,0,0,0,0,0,0
1723,42,1,0,0,0,0,0,0
1722,85,1,0,0,0,0,0,0
3760,75,1,0,0,0,0,0,0
2987,100,1,0,0,0,0,0,0
1374,77,1,0,0,0,0,0,0
3091,62,1,0,0,0,0,0,0
3062,6,1,0,0,0,0,0,0
1915,70,1,0,0,0,0,0,0
1514,76,1,0,0,0,0,0,0
3544,62,1,0,0,0,0,0,0
269,89,1,0,0,0,0,0,0
2880,35,1,0,0,0,0,0,0
2899,67,1,0,0,0,0,0,0
2413,2,1,0,0,0,0,0,0
1376,64,1,0,0,0,0,0,0
3436,55,1,0,0,0,0,0,0
651,26,1,0,0,0,0,0,0
3856,73,1,0,0,0,0,0,0
3842,82,1,0,0,0,0,0,0
879,76,1,0,0,0,0,0,0
425,63,1,0,0,0,0,0,0
1916,61,1,0,0,0,0,0,0
780,86,1,0,0,0,0,0,0
694,70,1,0,0,0,0,0,0
126,83,1,0,0,0,0,0,0
3524,33,1,0,0,0,0,0,0
3078,22,1,0,0,0,0,0,0
3398,5,1,0,0,0,0,0,0
2723,14,1,0,0,0,0,0,0
2070,50,1,0,0,0,0,0,0
724,28,1,0,0,0,0,0,0
578,59,1,0,0,0,0,0,0
2055,54,1,0,0,0,0,0,0
834,5,1,0,0,0,0,0,0
3893,6,1,0,0,0,0,0,0
1716,48,1,0,0,0,0,0,0
2223,10,1,0,0,0,0,0,0
1413,99,1,0,0,0,0,0,0
3325,22,1,0,0,0,0,0,0
2170,7,1,0,0,0,0,0,0
568,3,1,0,0,0,0,0,0
1797,90,1,0,0,0,0,0,0
1431,67,1,0,0,0,0,0,0
1843,29,1,0,0,0,0,0,0
2604,26,1,0,0,0,0,0,0
3896,94,1,0,0,0,0,0,0
1986,98,1,0,0,0,0,0,0
881,4,1,0,0,0,0,0,0
2967,6,1,0,0,0,0,0,0
3050,96,1,0,0,0,0,0,0
1811,43,1,0,0,0,0,0,0
3854,22,1,0,0,0,0,0,0
1920,13,1,0,0,0,0,0,0
3079,40,1,0,0,0,0,0,0
2014,45,1,0,0,0,0,0,0
1671,46,1,0,0,0,0,0,0
1352,75,1,0,0,0,0,0,0
1526,95,1,0,0,0,0,0,0
2549,24,1,0,0,0,0,0,0
1780,46,1,0,0,0,0,0,0
1621,62,1,0,0,0,0,0,0
3799,53,1,0,0,0,0,0,0
2966,80,1,0,0,0,0,0,0
1807,8,1,0,0,0,0,0,0
1429,92,1,0,0,0,0,0,0
124,68,1,0,0,0,0,0,0
1959,88,1,0,0,0,0,0,0
1816,83,1,0,0,0,0,0,0
3756,25,1,0,0,0,0,0,0
1544,48,1,0,0,0,0,0,0
3425,64,1,0,0,0,0,0,0
3198,68,1,0,0,0,0,0,0
1980,25,1,0,0,0,0,0,0
944,63,1,0,0,0,0,0,0
332,85,1,0,0,0,0,0,0
2384,68,1,0,0,0,0,0,0
549,56,1,0,0,0,0,0,0
3514,15,1,0,0,0,0,0,0
3450,84,1,0,0,0,0,0,0
669,70,1,0,0,0,0,0,0
2735,65,1,0,0,0,0,0,0
2934,10,1,0,0,0,0,0,0
292,87,1,0,0,0,0,0,0
1392,22,1,0,0,0,0,0,0
3700,48,1,0,0,0,0,0,0
2869,96,1,0,0,0,0,0,0
1806,65,1,0,0,0,0,0,0
2400,100,1,0,0,0,0,0,0
967,86,1,0,0,0,0,0,0
3138,100,1,0,0,0,0,0,0
3332,87,1,0,0,0,0,0,0
1252,37,1,0,0,0,0,0,0
1213,99,1,0,0,0,0,0,0
1394,55,1,0,0,0,0,0,0
3899,91,1,0,0,0,0,0,0
2069,77,1,0,0,0,0,0,0
3889,34,1,0,0,0,0,0,0
843,61,1,0,0,0,0,0,0
2719,44,1,0,0,0,0,0,0
3470,81,1,0,0,0,0,0,0
1981,16,1,0,0,0,0,0,0
3190,96,1,0,0,0,0,0,0
3165,79,1,0,0,0,0,0,0
1953,66,1,0,0,0,0,0,0
1615,54,1,0,0,0,0,0,0
882,59,1,0,0,0,0,0,0
2555,69,1,0,0,0,0,0,0
262,28,1,0,0,0,0,0,0
2621,77,1,0,0,0,0,0,0
1524,98,1,0,0,0,0,0,0
3567,64,1,0,0,0,0,0,0
519,21,1,0,0,0,0,0,0
1611,93,1,0,0,0,0,0,0
2406,5,1,0,0,0,0,0,0
924,35,1,0,0,0,0,0,0
818,42,1,0,0,0,0,0,0
3395,20,1,0,0,0,0,0,0
417,1,1,0,0,0,0,0,0
2191,27,1,0,0,0,0,0,0
903,44,1,0,0,0,0,0,0
1670,88,1,0,0,0,0,0,0
170,87,1,0,0,0,0,0,0
3672,5,1,0,0,0,0,0,0
1784,74,1,0,0,0,0,0,0
2468,25,1,0,0,0,0,0,0
864,52,1,0,0,0,0,0,0
3085,83,1,0,0,0,0,0,0
2826,8,1,0,0,0,0,0,0
1433,70,1,0,0,0,0,0,0
439,66,1,0,0,0,0,0,0
847,54,1,0,0,0,0,0,0
3231,28,1,0,0,0,0,0,0
1305,9,1,0,0,0,0,0,0
511,51,1,0,0,0,0,0,0
1328,93,1,0,0,0,0,0,0
2772,21,1,0,0,0,0,0,0
2503,20,1,0,0,0,0,0,0
3607,2,1,0,0,0,0,0,0
1813,5,1,0,0,0,0,0,0
943,13,1,0,0,0,0,0,0
234,3,1,0,0,0,0,0,0
2370,19,1,0,0,0,0,0,0
457,22,1,0,0,0,0,0,0
1234,11,1,0,0,0,0,0,0
2801,63,1,0,0,0,0,0,0
2827,53,1,0,0,0,0,0,0
1982,34,1,0,0,0,0,0,0
2094,25,1,0,0,0,0,0,0
3473,56,1,0,0,0,0,0,0
3277,47,1,0,0,0,0,0,0
3042,3,1,0,0,0,0,0,0
1669,54,1,0,0,0,0,0,0
2989,98,1,0,0,0,0,0,0
1967,19,1,0,0,0,0,0,0
351,71,1,0,0,0,0,0,0
3201,42,1,0,0,0,0,0,0
3251,38,1,0,0,0,0,0,0
2542,1,1,0,0,0,0,0,0
2346,33,1,0,0,0,0,0,0
1193,73,1,0,0,0,0,0,0
138,78,1,0,0,0,0,0,0
602,79,1,0,0,0,0,0,0
2035,52,1,0,0,0,0,0,0
127,16,1,0,0,0,0,0,0
2965,61,1,0,0,0,0,0,0
2312,37,1,0,0,0,0,0,0
3489,17,1,0,0,0,0,0,0
2052,61,1,0,0,0,0,0,0
3587,7,1,0,0,0,0,0,0
3155,86,1,0,0,0,0,0,0
611,77,1,0,0,0,0,0,0
1367,18,1,0,0,0,0,0,0
2197,87,1,0,0,0,0,0,0
2309,9,1,0,0,0,0,0,0
406,48,1,0,0,0,0,0,0
2711,83,1,0,0,0,0,0,0
2236,74,1,0,0,0,0,0,0
2235,46,1,0,0,0,0,0,0
2795,3,1,0,0,0,0,0,0
716,46,1,0,0,0,0,0,0
2381,56,1,0,0,0,0,0,0
2963,26,1,0,0,0,0,0,0
3692,42,1,0,0,0,0,0,0
3903,90,1,0,0,0,0,0,0
1793,25,1,0,0,0,0,0,0
3658,81,1,0,0,0,0,0,0
3033,85,1,0,0,0,0,0,0
1,13,1,0,0,0,0,0,0
2136,51,1,0,0,0,0,0,0
1146,89,1,0,0,0,0,0,0
247,53,1,0,0,0,0,0,0
812,48,1,0,0,0,0,0,0
2580,70,1,0,0,0,0,0,0
3720,9,1,0,0,0,0,0,0
2937,67,1,0,0,0,0,0,0
3505,7,1,0,0,0,0,0,0
748,51,1,0,0,0,0,0,0
2710,86,1,0,0,0,0,0,0
159,23,1,0,0,0,0,0,0
214,36,1,0,0,0,0,0,0
653,27,1,0,0,0,0,0,0
2167,28,1,0,0,0,0,0,0
210,56,1,0,0,0,0,0,0
392,85,1,0,0,0,0,0,0
2794,81,1,0,0,0,0,0,0
2508,91,1,0,0,0,0,0,0
2808,7,1,0,0,0,0,0,0
389,62,1,0,0,0,0,0,0
819,67,1,0,0,0,0,0,0
2285,95,1,0,0,0,0,0,0
921,85,1,0,0,0,0,0,0
2502,31,1,0,0,0,0,0,0
723,88,1,0,0,0,0,0,0
3381,50,1,0,0,0,0,0,0
2296,27,1,0,0,0,0,0,0
3041,48,1,0,0,0,0,0,0
1969,19,1,0,0,0,0,0,0
2102,29,1,0,0,0,0,0,0
1720,18,1,0,0,0,0,0,0
1095,82,1,0,0,0,0,0,0
2892,91,1,0,0,0,0,0,0
744,25,1,0,0,0,0,0,0
2473,70,1,0,0,0,0,0,0
2844,57,1,0,0,0,0,0,0
2140,27,1,0,0,0,0,0,0
3411,70,1,0,0,0,0,0,0
404,99,1,0,0,0,0,0,0
2860,52,1,0,0,0,0,0,0
2847,7,1,0,0,0,0,0,0
3229,53,1,0,0,0,0,0,0
2980,88,1,0,0,0,0,0,0
2207,11,1,0,0,0,0,0,0
1742,88,1,0,0,0,0,0,0
187,81,1,0,0,0,0,0,0
72,43,1,0,0,0,0,0,0
255,9,1,0,0,0,0,0,0
2266,67,1,0,0,0,0,0,0
685,92,1,0,0,0,0,0,0
575,98,1,0,0,0,0,0,0
1765,97,1,0,0,0,0,0,0
3205,62,1,0,0,0,0,0,0
3124,34,1,0,0,0,0,0,0
1919,91,1,0,0,0,0,0,0
1458,61,1,0,0,0,0,0,0
3863,32,1,0,0,0,0,0,0
2674,36,1,0,0,0,0,0,0
238,71,1,0,0,0,0,0,0
3909,62,1,0,0,0,0,0,0
1087,10,1,0,0,0,0,0,0
485,56,1,0,0,0,0,0,0
1712,32,1,0,0,0,0,0,0
1550,19,1,0,0,0,0,0,0
2893,46,1,0,0,0,0,0,0
1452,42,1,0,0,0,0,0,0
1686,83,1,0,0,0,0,0,0
2664,65,1,0,0,0,0,0,0
2726,56,1,0,0,0,0,0,0
3133,93,1,0,0,0,0,0,0
2118,22,1,0,0,0,0,0,0
3235,21,1,0,0,0,0,0,0
2807,51,1,0,0,0,0,0,0
2147,18,1,0,0,0,0,0,0
1857,53,1,0,0,0,0,0,0
1179,64,1,0,0,0,0,0,0
901,21,1,0,0,0,0,0,0
1587,43,1,0,0,0,0,0,0
2943,4,1,0,0,0,0,0,0
3216,78,1,0,0,0,0,0,0
1882,51,1,0,0,0,0,0,0
2681,1,1,0,0,0,0,0,0
3267,17,1,0,0,0,0,0,0
728,55,1,0,0,0,0,0,0
3322,93,1,0,0,0,0,0,0
3390,11,1,0,0,0,0,0,0
3748,58,1,0,0,0,0,0,0
3763,66,1,0,0,0,0,0,0
791,51,1,0,0,0,0,0,0
3370,55,1,0,0,0,0,0,0
2810,100,1,0,0,0,0,0,0
1641,68,1,0,0,0,0,0,0
1337,74,1,0,0,0,0,0,0
31,97,1,0,0,0,0,0,0
377,77,1,0,0,0,0,0,0
1266,18,1,0,0,0,0,0,0
1122,55,1,0,0,0,0,0,0
786,23,1,0,0,0,0,0,0
3048,49,1,0,0,0,0,0,0
2377,52,1,0,0,0,0,0,0
1907,87,1,0,0,0,0,0,0
3029,48,1,0,0,0,0,0,0
839,72,1,0,0,0,0,0,0
3880,24,1,0,0,0,0,0,0
48,88,1,0,0,0,0,0,0
2832,68,1,0,0,0,0,0,0
2922,84,1,0,0,0,0,0,0
3148,52,1,0,0,0,0,0,0
1521,69,1,0,0,0,0,0,0
3783,45,1,0,0,0,0,0,0
513,55,1,0,0,0,0,0,0
3708,6,1,0,0,0,0,0,0
3020,59,1,0,0,0,0,0,0
152,75,1,0,0,0,0,0,0
1188,71,1,0,0,0,0,0,0
2373,100,1,0,0,0,0,0,0
737,39,1,0,0,0,0,0,0
161,55,1,0,0,0,0,0,0
3796,82,1,0,0,0,0,0,0
2474,38,1,0,0,0,0,0,0
2319,66,1,0,0,0,0,0,0
112,92,1,0,0,0,0,0,0
307,39,1,0,0,0,0,0,0
2884,63,1,0,0,0,0,0,0
860,71,1,0,0,0,0,0,0
1306,14,1,0,0,0,0,0,0
3490,4,1,0,0,0,0,0,0
1697,72,1,0,0,0,0,0,0
1988,98,1,0,0,0,0,0,0
915,77,1,0,0,0,0,0,0
722,81,1,0,0,0,0,0,0
338,46,1,0,0,0,0,0,0
2630,38,1,0,0,0,0,0,0
609,26,1,0,0,0,0,0,0
3284,43,1,0,0,0,0,0,0
3319,90,1,0,0,0,0,0,0
4,47,1,0,0,0,0,0,0
2211,91,1,0,0,0,0,0,0
2042,7,1,0,0,0,0,0,0
1168,53,1,0,0,0,0,0,0
1443,86,1,0,0,0,0,0,0
381,47,1,0,0,0,0,0,0
849,5,1,0,0,0,0,0,0
1111,19,1,0,0,0,0,0,0
547,36,1,0,0,0,0,0,0
2786,39,1,0,0,0,0,0,0
3529,24,1,0,0,0,0,0,0
2611,99,1,0,0,0,0,0,0
1280,93,1,0,0,0,0,0,0
2948,42,1,0,0,0,0,0,0
3779,6,1,0,0,0,0,0,0
772,25,1,0,0,0,0,0,0
469,61,1,0,0,0,0,0,0
2750,40,1,0,0,0,0,0,0
1618,81,1,0,0,0,0,0,0
676,24,1,0,0,0,0,0,0
961,50,1,0,0,0,0,0,0
2462,58,1,0,0,0,0,0,0
1803,67,1,0,0,0,0,0,0
646,99,1,0,0,0,0,0,0
1718,26,1,0,0,0,0,0,0
3534,3,1,0,0,0,0,0,0
760,54,1,0,0,0,0,0,0
1203,93,1,0,0,0,0,0,0
2874,51,1,0,0,0,0,0,0
3639,81,1,0,0,0,0,0,0
3860,12,1,0,0,0,0,0,0
3121,46,1,0,0,0,0,0,0
1165,32,1,0,0,0,0,0,0
3512,96,1,0,0,0,0,0,0
1631,71,1,0,0,0,0,0,0
1947,66,1,0,0,0,0,0,0
3363,17,1,0,0,0,0,0,0
3538,18,1,0,0,0,0,0,0
1113,59,1,0,0,0,0,0,0
397,24,1,0,0,0,0,0,0
925,44,1,0,0,0,0,0,0
3818,10,1,0,0,0,0,0,0
2525,61,1,0,0,0,0,0,0
878,42,1,0,0,0,0,0,0
2443,8,1,0,0,0,0,0,0
1909,97,1,0,0,0,0,0,0
319,23,1,0,0,0,0,0,0
1284,48,1,0,0,0,0,0,0
2657,31,1,0,0,0,0,0,0
489,55,1,0,0,0,0,0,0
1418,60,1,0,0,0,0,0,0
2096,66,1,0,0,0,0,0,0
900,11,1,0,0,0,0,0,0
2857,18,1,0,0,0,0,0,0
1741,1,1,0,0,0,0,0,0
2633,6,1,0,0,0,0,0,0
3857,4,1,0,0,0,0,0,0
153,45,1,0,0,0,0,0,0
1007,49,1,0,0,0,0,0,0
1918,61,1,0,0,0,0,0,0
948,34,1,0,0,0,0,0,0
1064,86,1,0,0,0,0,0,0
991,32,1,0,0,0,0,0,0
2639,64,1,0,0,0,0,0,0
1821,87,1,0,0,0,0,0,0
2618,82,1,0,0,0,0,0,0
3699,98,1,0,0,0,0,0,0
3616,21,1,0,0,0,0,0,0
3782,10,1,0,0,0,0,0,0
1536,69,1,0,0,0,0,0,0
3260,39,1,0,0,0,0,0,0
1589,94,1,0,0,0,0,0,0
2349,61,1,0,0,0,0,0,0
191,23,1,0,0,0,0,0,0
3185,5,1,0,0,0,0,0,0
2785,32,1,0,0,0,0,0,0
1929,92,1,0,0,0,0,0,0
3161,18,1,0,0,0,0,0,0
3200,71,1,0,0,0,0,0,0
643,51,1,0,0,0,0,0,0
2227,90,1,0,0,0,0,0,0
1491,31,1,0,0,0,0,0,0
1047,94,1,0,0,0,0,0,0
2252,26,1,0,0,0,0,0,0
1672,44,1,0,0,0,0,0,0
1152,99,1,0,0,0,0,0,0
515,52,1,0,0,0,0,0,0
1036,37,1,0,0,0,0,0,0
3737,21,1,0,0,0,0,0,0
1960,21,1,0,0,0,0,0,0
3272,72,1,0,0,0,0,0,0
215,55,1,0,0,0,0,0,0
1883,35,1,0,0,0,0,0,0
491,62,1,0,0,0,0,0,0
1021,93,1,0,0,0,0,0,0
3821,35,1,0,0,0,0,0,0
180,34,1,0,0,0,0,0,0
1041,11,1,0,0,0,0,0,0
1568,68,1,0,0,0,0,0,0
778,73,1,0,0,0,0,0,0
1112,16,1,0,0,0,0,0,0
1006,35,1,0,0,0,0,0,0
603,26,1,0,0,0,0,0,0
580,77,1,0,0,0,0,0,0
1375,2,1,0,0,0,0,0,0
354,67,1,0,0,0,0,0,0
1665,9,1,0,0,0,0,0,0
2365,6,1,0,0,0,0,0,0
2677,73,1,0,0,0,0,0,0
3261,3,1,0,0,0,0,0,0
3891,18,1,0,0,0,0,0,0
809,29,1,0,0,0,0,0,0
572,13,1,0,0,0,0,0,0
1383,4,1,0,0,0,0,0,0
1836,98,1,0,0,0,0,0,0
2193,87,1,0,0,0,0,0,0
245,59,1,0,0,0,0,0,0
3006,57,1,0,0,0,0,0,0
703,43,1,0,0,0,0,0,0
637,54,1,0,0,0,0,0,0
1309,63,1,0,0,0,0,0,0
3761,81,1,0,0,0,0,0,0
253,33,1,0,0,0,0,0,0
532,95,1,0,0,0,0,0,0
2409,91,1,0,0,0,0,0,0
1878,74,1,0,0,0,0,0,0
3196,15,1,0,0,0,0,0,0
1262,27,1,0,0,0,0,0,0
712,20,1,0,0,0,0,0,0
1406,8,1,0,0,0,0,0,0
3704,55,1,0,0,0,0,0,0
156,20,1,0,0,0,0,0,0
3044,60,1,0,0,0,0,0,0
1345,18,1,0,0,0,0,0,0
2425,14,1,0,0,0,0,0,0
1597,56,1,0,0,0,0,0,0
3164,64,1,0,0,0,0,0,0
1030,73,1,0,0,0,0,0,0
2562,96,1,0,0,0,0,0,0
3728,100,1,0,0,0,0,0,0
2747,92,1,0,0,0,0,0,0
746,94,1,0,0,0,0,0,0
3344,84,1,0,0,0,0,0,0
117,36,1,0,0,0,0,0,0
3123,22,1,0,0,0,0,0,0
2407,95,1,0,0,0,0,0,0
1553,46,1,0,0,0,0,0,0
2150,13,1,0,0,0,0,0,0
899,67,1,0,0,0,0,0,0
970,13,1,0,0,0,0,0,0
2246,73,1,0,0,0,0,0,0
2619,54,1,0,0,0,0,0,0
2241,28,1,0,0,0,0,0,0
1748,20,1,0,0,0,0,0,0
1351,9,1,0,0,0,0,0,0
1467,67,1,0,0,0,0,0,0
2575,67,1,0,0,0,0,0,0
2561,48,1,0,0,0,0,0,0
808,22,1,0,0,0,0,0,0
3506,30,1,0,0,0,0,0,0
880,21,1,0,0,0,0,0,0
427,77,1,0,0,0,0,0,0
1858,69,1,0,0,0,0,0,0
135,38,1,0,0,0,0,0,0
758,35,1,0,0,0,0,0,0
624,44,1,0,0,0,0,0,0
2585,9,1,0,0,0,0,0,0
1361,76,1,0,0,0,0,0,0
2457,65,1,0,0,0,0,0,0
193,32,1,0,0,0,0,0,0
2866,49,1,0,0,0,0,0,0
2339,75,1,0,0,0,0,0,0
2480,88,1,0,0,0,0,0,0
3864,31,1,0,0,0,0,0,0
1049,55,1,0,0,0,0,0,0
1107,6,1,0,0,0,0,0,0
3209,100,1,0,0,0,0,0,0
1735,71,1,0,0,0,0,0,0
1268,96,1,0,0,0,0,0,0
2,71,1,0,0,0,0,0,0
1511,60,1,0,0,0,0,0,0
149,69,1,0,0,0,0,0,0
3025,35,1,0,0,0,0,0,0
1884,54,1,0,0,0,0,0,0
1286,47,1,0,0,0,0,0,0
3724,29,1,0,0,0,0,0,0
3562,83,1,0,0,0,0,0,0
3102,83,1,0,0,0,0,0,0
828,48,1,0,0,0,0,0,0
2548,40,1,0,0,0,0,0,0
2086,63,1,0,0,0,0,0,0
3343,33,1,0,0,0,0,0,0
1489,2,1,0,0,0,0,0,0
2390,84,1,0,0,0,0,0,0
1393,76,1,0,0,0,0,0,0
2031,30,1,0,0,0,0,0,0
782,81,1,0,0,0,0,0,0
1826,86,1,0,0,0,0,0,0
276,12,1,0,0,0,0,0,0
2058,9,1,0,0,0,0,0,0
493,93,1,0,0,0,0,0,0
3714,80,1,0,0,0,0,0,0
3749,59,1,0,0,0,0,0,0
1639,81,1,0,0,0,0,0,0
3614,22,1,0,0,0,0,0,0
3010,22,1,0,0,0,0,0,0
2635,56,1,0,0,0,0,0,0
1850,16,1,0,0,0,0,0,0
361,31,1,0,0,0,0,0,0
2245,100,1,0,0,0,0,0,0
3094,40,1,0,0,0,0,0,0
197,11,1,0,0,0,0,0,0
2597,30,1,0,0,0,0,0,0
741,7,1,0,0,0,0,0,0
1852,56,1,0,0,0,0,0,0
3785,95,1,0,0,0,0,0,0
313,31,1,0,0,0,0,0,0
3064,17,1,0,0,0,0,0,0
409,78,1,0,0,0,0,0,0
295,2,1,0,0,0,0,0,0
2273,12,1,0,0,0,0,0,0
8,62,1,0,0,0,0,0,0
2784,97,1,0,0,0,0,0,0
657,50,1,0,0,0,0,0,0
3005,57,1,0,0,0,0,0,0
671,40,1,0,0,0,0,0,0
736,41,1,0,0,0,0,0,0
3790,83,1,0,0,0,0,0,0
95,49,1,0,0,0,0,0,0
2475,43,1,0,0,0,0,0,0
526,100,1,0,0,0,0,0,0
1667,66,1,0,0,0,0,0,0
2391,58,1,0,0,0,0,0,0
322,61,1,0,0,0,0,0,0
1957,64,1,0,0,0,0,0,0
2448,76,1,0,0,0,0,0,0
3120,55,1,0,0,0,0,0,0
3128,44,1,0,0,0,0,0,0
1441,37,1,0,0,0,0,0,0
353,41,1,0,0,0,0,0,0
3304,5,1,0,0,0,0,0,0
3867,90,1,0,0,0,0,0,0
3065,62,1,0,0,0,0,0,0
1648,96,1,0,0,0,0,0,0
800,10,1,0,0,0,0,0,0
3585,5,1,0,0,0,0,0,0
1756,17,1,0,0,0,0,0,0
1015,81,1,0,0,0,0,0,0
981,26,1,0,0,0,0,0,0
3859,67,1,0,0,0,0,0,0
2514,40,1,0,0,0,0,0,0
2037,62,1,0,0,0,0,0,0
290,82,1,0,0,0,0,0,0
2738,7,1,0,0,0,0,0,0
648,89,1,0,0,0,0,0,0
195,70,1,0,0,0,0,0,0
817,61,1,0,0,0,0,0,0
1865,51,1,0,0,0,0,0,0
3040,43,1,0,0,0,0,0,0
2083,79,1,0,0,0,0,0,0
2412,89,1,0,0,0,0,0,0
1997,54,1,0,0,0,0,0,0
607,30,1,0,0,0,0,0,0
1373,13,1,0,0,0,0,0,0
3771,65,1,0,0,0,0,0,0
1970,100,1,0,0,0,0,0,0
913,24,1,0,0,0,0,0,0
2426,28,1,0,0,0,0,0,0
162,83,1,0,0,0,0,0,0
1603,42,1,0,0,0,0,0,0
3738,56,1,0,0,0,0,0,0
897,25,1,0,0,0,0,0,0
757,11,1,0,0,0,0,0,0
2131,94,1,0,0,0,0,0,0
1540,48,1,0,0,0,0,0,0
2511,78,1,0,0,0,0,0,0
546,21,1,0,0,0,0,0,0
289,98,1,0,0,0,0,0,0
2433,24,1,0,0,0,0,0,0
3100,31,1,0,0,0,0,0,0
3807,47,1,0,0,0,0,0,0
3397,33,1,0,0,0,0,0,0
2783,68,1,0,0,0,0,0,0
3071,64,1,0,0,0,0,0,0
2490,50,1,0,0,0,0,0,0
1332,81,1,0,0,0,0,0,0
3362,98,1,0,0,0,0,0,0
3282,27,1,0,0,0,0,0,0
2020,97,1,0,0,0,0,0,0
2762,66,1,0,0,0,0,0,0
2985,44,1,0,0,0,0,0,0
3134,56,1,0,0,0,0,0,0
3206,59,1,0,0,0,0,0,0
387,76,1,0,0,0,0,0,0
3912,30,1,0,0,0,0,0,0
251,74,1,0,0,0,0,0,0
1835,17,1,0,0,0,0,0,0
873,38,1,0,0,0,0,0,0
705,55,1,0,0,0,0,0,0
2427,63,1,0,0,0,0,0,0
752,74,1,0,0,0,0,0,0
2401,19,1,0,0,0,0,0,0
437,4,1,0,0,0,0,0,0
1159,68,1,0,0,0,0,0,0
689,29,1,0,0,0,0,0,0
3125,46,1,0,0,0,0,0,0
1149,85,1,0,0,0,0,0,0
3063,71,1,0,0,0,0,0,0
1395,10,1,0,0,0,0,0,0
3323,73,1,0,0,0,0,0,0
1038,29,1,0,0,0,0,0,0
2506,16,1,0,0,0,0,0,0
2527,18,1,0,0,0,0,0,0
1240,85,1,0,0,0,0,0,0
1630,80,1,0,0,0,0,0,0
3118,1,1,0,0,0,0,0,0
3244,23,1,0,0,0,0,0,0
375,64,1,0,0,0,0,0,0
318,52,1,0,0,0,0,0,0
2465,32,1,0,0,0,0,0,0
2311,60,1,0,0,0,0,0,0
331,88,1,0,0,0,0,0,0
3493,49,1,0,0,0,0,0,0
664,82,1,0,0,0,0,0,0
592,92,1,0,0,0,0,0,0
1972,51,1,0,0,0,0,0,0
2691,21,1,0,0,0,0,0,0
2833,17,1,0,0,0,0,0,0
1494,3,1,0,0,0,0,0,0
2090,49,1,0,0,0,0,0,0
452,1,1,0,0,0,0,0,0
1812,6,1,0,0,0,0,0,0
2316,28,1,0,0,0,0,0,0
1380,27,1,0,0,0,0,0,0
173,55,1,0,0,0,0,0,0
2485,50,1,0,0,0,0,0,0
3766,2,1,0,0,0,0,0,0
1143,83,1,0,0,0,0,0,0
3226,63,1,0,0,0,0,0,0
456,99,1,0,0,0,0,0,0
2751,99,1,0,0,0,0,0,0
1729,92,1,0,0,0,0,0,0
3594,66,1,0,0,0,0,0,0
160,6,1,0,0,0,0,0,0
3419,39,1,0,0,0,0,0,0
544,65,1,0,0,0,0,0,0
1787,97,1,0,0,0,0,0,0
240,58,1,0,0,0,0,0,0
1451,97,1,0,0,0,0,0,0
1195,44,1,0,0,0,0,0,0
2855,4,1,0,0,0,0,0,0
1872,26,1,0,0,0,0,0,0
2552,82,1,0,0,0,0,0,0
2271,64,1,0,0,0,0,0,0
3097,85,1,0,0,0,0,0,0
1194,56,1,0,0,0,0,0,0
604,49,1,0,0,0,0,0,0
1432,10,1,0,0,0,0,0,0
213,20,1,0,0,0,0,0,0
141,34,1,0,0,0,0,0,0
2210,91,1,0,0,0,0,0,0
82,79,1,0,0,0,0,0,0
3341,43,1,0,0,0,0,0,0
844,45,1,0,0,0,0,0,0
1175,54,1,0,0,0,0,0,0
2012,53,1,0,0,0,0,0,0
3459,39,1,0,0,0,0,0,0
1201,52,1,0,0,0,0,0,0
278,31,1,0,0,0,0,0,0
661,35,1,0,0,0,0,0,0
3552,11,1,0,0,0,0,0,0
2025,11,1,0,0,0,0,0,0
2408,63,1,0,0,0,0,0,0
600,50,1,0,0,0,0,0,0
2679,16,1,0,0,0,0,0,0
3028,60,1,0,0,0,0,0,0
3026,68,1,0,0,0,0,0,0
3059,39,1,0,0,0,0,0,0
1662,100,1,0,0,0,0,0,0
1076,97,1,0,0,0,0,0,0
3596,4,1,0,0,0,0,0,0
1659,80,1,0,0,0,0,0,0
3211,67,1,0,0,0,0,0,0
2523,91,1,0,0,0,0,0,0
2254,86,1,0,0,0,0,0,0
3355,15,1,0,0,0,0,0,0
3126,50,1,0,0,0,0,0,0
2688,23,1,0,0,0,0,0,0
1025,14,1,0,0,0,0,0,0
486,31,1,0,0,0,0,0,0
2340,73,1,0,0,0,0,0,0
2871,93,1,0,0,0,0,0,0
280,22,1,0,0,0,0,0,0
382,12,1,0,0,0,0,0,0
753,25,1,0,0,0,0,0,0
2389,62,1,0,0,0,0,0,0
3087,47,1,0,0,0,0,0,0
1072,81,1,0,0,0,0,0,0
999,62,1,0,0,0,0,0,0
3099,45,1,0,0,0,0,0,0
1099,46,1,0,0,0,0,0,0
430,68,1,0,0,0,0,0,0
1683,24,1,0,0,0,0,0,0
1709,32,1,0,0,0,0,0,0
1804,77,1,0,0,0,0,0,0
644,67,1,0,0,0,0,0,0
2429,49,1,0,0,0,0,0,0
1290,49,1,0,0,0,0,0,0
1704,91,1,0,0,0,0,0,0
929,8,1,0,0,0,0,0,0
2329,81,1,0,0,0,0,0,0
1100,89,1,0,0,0,0,0,0
1903,75,1,0,0,0,0,0,0
349,19,1,0,0,0,0,0,0
548,70,1,0,0,0,0,0,0
1277,95,1,0,0,0,0,0,0
442,57,1,0,0,0,0,0,0
2872,20,1,0,0,0,0,0,0
2123,21,1,0,0,0,0,0,0
955,43,1,0,0,0,0,0,0
3257,16,1,0,0,0,0,0,0
2415,98,1,0,0,0,0,0,0
2044,72,1,0,0,0,0,0,0
506,23,1,0,0,0,0,0,0
1556,90,1,0,0,0,0,0,0
2318,77,1,0,0,0,0,0,0
1772,69,1,0,0,0,0,0,0
2092,67,1,0,0,0,0,0,0
90,67,1,0,0,0,0,0,0
3825,61,1,0,0,0,0,0,0
2421,30,1,0,0,0,0,0,0
2836,84,1,0,0,0,0,0,0
441,72,1,0,0,0,0,0,0
995,98,1,0,0,0,0,0,0
740,38,1,0,0,0,0,0,0
233,73,1,0,0,0,0,0,0
2734,14,1,0,0,0,0,0,0
1390,53,1,0,0,0,0,0,0
1366,16,1,0,0,0,0,0,0
1698,21,1,0,0,0,0,0,0
2231,5,1,0,0,0,0,0,0
185,26,1,0,0,0,0,0,0
914,79,1,0,0,0,0,0,0
3600,11,1,0,0,0,0,0,0
3687,49,1,0,0,0,0,0,0
2545,67,1,0,0,0,0,0,0
710,47,1,0,0,0,0,0,0
2823,63,1,0,0,0,0,0,0
241,9,1,0,0,0,0,0,0
865,3,1,0,0,0,0,0,0
415,100,1,0,0,0,0,0,0
444,79,1,0,0,0,0,0,0
2592,41,1,0,0,0,0,0,0
841,18,1,0,0,0,0,0,0
3755,3,1,0,0,0,0,0,0
3129,52,1,0,0,0,0,0,0
3331,53,1,0,0,0,0,0,0
1886,74,1,0,0,0,0,0,0
2499,96,1,0,0,0,0,0,0
2641,97,1,0,0,0,0,0,0
1223,99,1,0,0,0,0,0,0
157,56,1,0,0,0,0,0,0
3488,10,1,0,0,0,0,0,0
521,10,1,0,0,0,0,0,0
302,85,1,0,0,0,0,0,0
2238,97,1,0,0,0,0,0,0
3218,76,1,0,0,0,0,0,0
2846,45,1,0,0,0,0,0,0
1173,100,1,0,0,0,0,0,0
3733,29,1,0,0,0,0,0,0
1851,10,1,0,0,0,0,0,0
1705,60,1,0,0,0,0,0,0
3346,88,1,0,0,0,0,0,0
471,94,1,0,0,0,0,0,0
3793,92,1,0,0,0,0,0,0
3767,68,1,0,0,0,0,0,0
2200,100,1,0,0,0,0,0,0
1118,89,1,0,0,0,0,0,0
1312,80,1,0,0,0,0,0,0
1759,28,1,0,0,0,0,0,0
2648,25,1,0,0,0,0,0,0
1846,64,1,0,0,0,0,0,0
3629,82,1,0,0,0,0,0,0
424,68,1,0,0,0,0,0,0
3027,78,1,0,0,0,0,0,0
2352,71,1,0,0,0,0,0,0
2269,93,1,0,0,0,0,0,0
2537,63,1,0,0,0,0,0,0
3803,99,1,0,0,0,0,0,0
344,4,1,0,0,0,0,0,0
2322,29,1,0,0,0,0,0,0
2916,65,1,0,0,0,0,0,0
1459,49,1,0,0,0,0,0,0
3374,15,1,0,0,0,0,0,0
754,75,1,0,0,0,0,0,0
3769,48,1,0,0,0,0,0,0
365,9,1,0,0,0,0,0,0
3913,68,1,0,0,0,0,0,0
857,62,1,0,0,0,0,0,0
876,86,1,0,0,0,0,0,0
1052,64,1,0,0,0,0,0,0
3741,46,1,0,0,0,0,0,0
2240,87,1,0,0,0,0,0,0
3183,89,1,0,0,0,0,0,0
906,11,1,0,0,0,0,0,0
1608,59,1,0,0,0,0,0,0
1369,84,1,0,0,0,0,0,0
946,9,1,0,0,0,0,0,0
3852,79,1,0,0,0,0,0,0
2030,77,1,0,0,0,0,0,0
2799,98,1,0,0,0,0,0,0
2438,95,1,0,0,0,0,0,0
850,61,1,0,0,0,0,0,0
2529,3,1,0,0,0,0,0,0
3778,64,1,0,0,0,0,0,0
2603,54,1,0,0,0,0,0,0
3239,96,1,0,0,0,0,0,0
3731,85,1,0,0,0,0,0,0
1255,12,1,0,0,0,0,0,0
2355,73,1,0,0,0,0,0,0
799,42,1,0,0,0,0,0,0
1091,11,1,0,0,0,0,0,0
412,41,1,0,0,0,0,0,0
2423,55,1,0,0,0,0,0,0
2320,51,1,0,0,0,0,0,0
1274,20,1,0,0,0,0,0,0
2702,71,1,0,0,0,0,0,0
2321,19,1,0,0,0,0,0,0
934,62,1,0,0,0,0,0,0
402,68,1,0,0,0,0,0,0
2175,43,1,0,0,0,0,0,0
3295,24,1,0,0,0,0,0,0
1764,37,1,0,0,0,0,0,0
3463,22,1,0,0,0,0,0,0
2072,21,1,0,0,0,0,0,0
2843,70,1,0,0,0,0,0,0
2640,4,1,0,0,0,0,0,0
1570,31,1,0,0,0,0,0,0
315,69,1,0,0,0,0,0,0
1555,27,1,0,0,0,0,0,0
1682,4,1,0,0,0,0,0,0
523,71,1,0,0,0,0,0,0
3732,84,1,0,0,0,0,0,0
820,19,1,0,0,0,0,0,0
557,13,1,0,0,0,0,0,0
2416,32,1,0,0,0,0,0,0
390,75,1,0,0,0,0,0,0
1889,47,1,0,0,0,0,0,0
3377,97,1,0,0,0,0,0,0
21,50,1,0,0,0,0,0,0
1407,47,1,0,0,0,0,0,0
1125,21,1,0,0,0,0,0,0
1502,8,1,0,0,0,0,0,0
978,47,1,0,0,0,0,0,0
1875,71,1,0,0,0,0,0,0
2367,20,1,0,0,0,0,0,0
3410,100,1,0,0,0,0,0,0
13,93,1,0,0,0,0,0,0
3475,19,1,0,0,0,0,0,0
2196,59,1,0,0,0,0,0,0
2133,10,1,0,0,0,0,0,0
83,9,1,0,0,0,0,0,0
194,37,1,0,0,0,0,0,0
2431,64,1,0,0,0,0,0,0
2834,75,1,0,0,0,0,0,0
1927,85,1,0,0,0,0,0,0
963,37,1,0,0,0,0,0,0
3904,70,1,0,0,0,0,0,0
44,12,1,0,0,0,0,0,0
3056,42,1,0,0,0,0,0,0
418,26,1,0,0,0,0,0,0
1083,20,1,0,0,0,0,0,0
2888,26,1,0,0,0,0,0,0
428,49,1,0,0,0,0,0,0
2626,92,1,0,0,0,0,0,0
461,49,1,0,0,0,0,0,0
579,7,1,0,0,0,0,0,0
1657,4,1,0,0,0,0,0,0
2766,50,1,0,0,0,0,0,0
2849,69,1,0,0,0,0,0,0
2338,34,1,0,0,0,0,0,0
2644,93,1,0,0,0,0,0,0
2971,37,1,0,0,0,0,0,0
3258,81,1,0,0,0,0,0,0
1664,24,1,0,0,0,0,0,0
297,52,1,0,0,0,0,0,0
1985,59,1,0,0,0,0,0,0
2063,27,1,0,0,0,0,0,0
3402,79,1,0,0,0,0,0,0
667,37,1,0,0,0,0,0,0
1285,76,1,0,0,0,0,0,0
1734,79,1,0,0,0,0,0,0
1469,68,1,0,0,0,0,0,0
3721,31,1,0,0,0,0,0,0
2003,15,1,0,0,0,0,0,0
166,14,1,0,0,0,0,0,0
649,9,1,0,0,0,0,0,0
2024,76,1,0,0,0,0,0,0
623,39,1,0,0,0,0,0,0
1507,73,1,0,0,0,0,0,0
1739,16,1,0,0,0,0,0,0
2100,70,1,0,0,0,0,0,0
1248,56,1,0,0,0,0,0,0
3798,2,1,0,0,0,0,0,0
1792,15,1,0,0,0,0,0,0
3780,11,1,0,0,0,0,0,0
1504,77,1,0,0,0,0,0,0
366,92,1,0,0,0,0,0,0
2242,19,1,0,0,0,0,0,0
1377,3,1,0,0,0,0,0,0
3676,54,1,0,0,0,0,0,0
2910,81,1,0,0,0,0,0,0
3275,25,1,0,0,0,0,0,0
2111,78,1,0,0,0,0,0,0
2682,34,1,0,0,0,0,0,0
1861,65,1,0,0,0,0,0,0
1925,7,1,0,0,0,0,0,0
2982,79,1,0,0,0,0,0,0
3439,59,1,0,0,0,0,0,0
5,49,1,0,0,0,0,0,0
2138,99,1,0,0,0,0,0,0
2151,96,1,0,0,0,0,0,0
1043,23,1,0,0,0,0,0,0
2233,91,1,0,0,0,0,0,0
148,98,1,0,0,0,0,0,0
1854,31,1,0,0,0,0,0,0
1084,28,1,0,0,0,0,0,0
1131,42,1,0,0,0,0,0,0
1517,31,1,0,0,0,0,0,0
2706,42,1,0,0,0,0,0,0
591,89,1,0,0,0,0,0,0
1251,29,1,0,0,0,0,0,0
898,24,1,0,0,0,0,0,0
709,7,1,0,0,0,0,0,0
1425,77,1,0,0,0,0,0,0
2732,42,1,0,0,0,0,0,0
1012,48,1,0,0,0,0,0,0
3747,41,1,0,0,0,0,0,0
2792,41,1,0,0,0,0,0,0
1278,8,1,0,0,0,0,0,0
2095,72,1,0,0,0,0,0,0
3696,75,1,0,0,0,0,0,0
2932,67,1,0,0,0,0,0,0
680,11,1,0,0,0,0,0,0
3307,15,1,0,0,0,0,0,0
1827,64,1,0,0,0,0,0,0
108,29,1,0,0,0,0,0,0
3569,6,1,0,0,0,0,0,0
3788,35,1,0,0,0,0,0,0
3577,13,1,0,0,0,0,0,0
559,9,1,0,0,0,0,0,0
2708,82,1,0,0,0,0,0,0
374,8,1,0,0,0,0,0,0
1695,84,1,0,0,0,0,0,0
2875,59,1,0,0,0,0,0,0
1940,24,1,0,0,0,0,0,0
3653,1,1,0,0,0,0,0,0
2636,78,1,0,0,0,0,0,0
2684,85,1,0,0,0,0,0,0
2218,99,1,0,0,0,0,0,0
1684,84,1,0,0,0,0,0,0
3460,64,1,0,0,0,0,0,0
2596,99,1,0,0,0,0,0,0
2571,45,1,0,0,0,0,0,0
219,23,1,0,0,0,0,0,0
3281,13,1,0,0,0,0,0,0
1563,63,1,0,0,0,0,0,0
1178,59,1,0,0,0,0,0,0
481,81,1,0,0,0,0,0,0
478,38,1,0,0,0,0,0,0
2471,63,1,0,0,0,0,0,0
3132,15,1,0,0,0,0,0,0
2145,58,1,0,0,0,0,0,0
2759,69,1,0,0,0,0,0,0
1189,40,1,0,0,0,0,0,0
2717,2,1,0,0,0,0,0,0
2051,46,1,0,0,0,0,0,0
1829,7,1,0,0,0,0,0,0
2570,75,1,0,0,0,0,0,0
2518,9,1,0,0,0,0,0,0
207,54,1,0,0,0,0,0,0
2424,88,1,0,0,0,0,0,0
3146,21,1,0,0,0,0,0,0
3706,42,1,0,0,0,0,0,0
1329,98,1,0,0,0,0,0,0
816,93,1,0,0,0,0,0,0
1472,55,1,0,0,0,0,0,0
2647,5,1,0,0,0,0,0,0
1420,71,1,0,0,0,0,0,0
1340,69,1,0,0,0,0,0,0
514,13,1,0,0,0,0,0,0
1881,74,1,0,0,0,0,0,0
256,50,1,0,0,0,0,0,0
1654,12,1,0,0,0,0,0,0
3189,35,1,0,0,0,0,0,0
1856,35,1,0,0,0,0,0,0
781,19,1,0,0,0,0,0,0
3368,43,1,0,0,0,0,0,0
1749,92,1,0,0,0,0,0,0
385,71,1,0,0,0,0,0,0
642,90,1,0,0,0,0,0,0
597,6,1,0,0,0,0,0,0
3420,82,1,0,0,0,0,0,0
271,41,1,0,0,0,0,0,0
3297,25,1,0,0,0,0,0,0
2720,22,1,0,0,0,0,0,0
3405,80,1,0,0,0,0,0,0
1582,42,1,0,0,0,0,0,0
1585,8,1,0,0,0,0,0,0
3057,72,1,0,0,0,0,0,0
2488,60,1,0,0,0,0,0,0
3832,15,1,0,0,0,0,0,0
3246,59,1,0,0,0,0,0,0
2442,79,1,0,0,0,0,0,0
863,18,1,0,0,0,0,0,0
3701,88,1,0,0,0,0,0,0
335,8,1,0,0,0,0,0,0
2264,49,1,0,0,0,0,0,0
2815,24,1,0,0,0,0,0,0
2315,93,1,0,0,0,0,0,0
2804,10,1,0,0,0,0,0,0
792,89,1,0,0,0,0,0,0
2837,15,1,0,0,0,0,0,0
77,20,1,0,0,0,0,0,0
1408,60,1,0,0,0,0,0,0
1890,73,1,0,0,0,0,0,0
2882,27,1,0,0,0,0,0,0
2828,3,1,0,0,0,0,0,0
2590,65,1,0,0,0,0,0,0
1581,98,1,0,0,0,0,0,0
2292,6,1,0,0,0,0,0,0
2939,4,1,0,0,0,0,0,0
1825,83,1,0,0,0,0,0,0
1381,8,1,0,0,0,0,0,0
1691,74,1,0,0,0,0,0,0
1870,38,1,0,0,0,0,0,0
2666,73,1,0,0,0,0,0,0
3389,19,1,0,0,0,0,0,0
2878,10,1,0,0,0,0,0,0
2213,89,1,0,0,0,0,0,0
3455,78,1,0,0,0,0,0,0
2742,40,1,0,0,0,0,0,0
2125,64,1,0,0,0,0,0,0
3157,14,1,0,0,0,0,0,0
585,83,1,0,0,0,0,0,0
945,1,1,0,0,0,0,0,0
3641,83,1,0,0,0,0,0,0
76,90,1,0,0,0,0,0,0
1011,32,1,0,0,0,0,0,0
3166,78,1,0,0,0,0,0,0
498,58,1,0,0,0,0,0,0
932,98,1,0,0,0,0,0,0
1992,27,1,0,0,0,0,0,0
2538,24,1,0,0,0,0,0,0
3520,51,1,0,0,0,0,0,0
605,19,1,0,0,0,0,0,0
1438,95,1,0,0,0,0,0,0
3649,45,1,0,0,0,0,0,0
468,17,1,0,0,0,0,0,0
1777,46,1,0,0,0,0,0,0
2404,87,1,0,0,0,0,0,0
2740,67,1,0,0,0,0,0,0
3249,78,1,0,0,0,0,0,0
957,55,1,0,0,0,0,0,0
846,98,1,0,0,0,0,0,0
543,12,1,0,0,0,0,0,0
3497,39,1,0,0,0,0,0,0
1841,57,1,0,0,0,0,0,0
3472,97,1,0,0,0,0,0,0
2683,49,1,0,0,0,0,0,0
2165,82,1,0,0,0,0,0,0
939,45,1,0,0,0,0,0,0
341,43,1,0,0,0,0,0,0
2668,64,1,0,0,0,0,0,0
1396,67,1,0,0,0,0,0,0
2366,42,1,0,0,0,0,0,0
2774,9,1,0,0,0,0,0,0
3464,100,1,0,0,0,0,0,0
3694,55,1,0,0,0,0,0,0
1995,44,1,0,0,0,0,0,0
463,83,1,0,0,0,0,0,0
2461,5,1,0,0,0,0,0,0
3072,97,1,0,0,0,0,0,0
529,88,1,0,0,0,0,0,0
2198,1,1,0,0,0,0,0,0
2704,14,1,0,0,0,0,0,0
884,77,1,0,0,0,0,0,0
1150,90,1,0,0,0,0,0,0
536,92,1,0,0,0,0,0,0
303,21,1,0,0,0,0,0,0
54,72,1,0,0,0,0,0,0
2727,27,1,0,0,0,0,0,0
2610,87,1,0,0,0,0,0,0
2139,65,1,0,0,0,0,0,0
1866,29,1,0,0,0,0,0,0
1520,34,1,0,0,0,0,0,0
1032,10,1,0,0,0,0,0,0
2615,16,1,0,0,0,0,0,0
2376,14,1,0,0,0,0,0,0
1681,96,1,0,0,0,0,0,0
1745,87,1,0,0,0,0,0,0
1403,13,1,0,0,0,0,0,0
3684,70,1,0,0,0,0,0,0
2189,27,1,0,0,0,0,0,0
102,92,1,0,0,0,0,0,0
2326,8,1,0,0,0,0,0,0
1633,34,1,0,0,0,0,0,0
143,17,1,0,0,0,0,0,0
1531,59,1,0,0,0,0,0,0
3060,25,1,0,0,0,0,0,0
1246,78,1,0,0,0,0,0,0
1569,85,1,0,0,0,0,0,0
3902,64,1,0,0,0,0,0,0
563,82,1,0,0,0,0,0,0
993,69,1,0,0,0,0,0,0
2104,36,1,0,0,0,0,0,0
3535,15,1,0,0,0,0,0,0
293,94,1,0,0,0,0,0,0
3713,37,1,0,0,0,0,0,0
3448,74,1,0,0,0,0,0,0
3214,42,1,0,0,0,0,0,0
1040,20,1,0,0,0,0,0,0
3829,41,1,0,0,0,0,0,0
1751,11,1,0,0,0,0,0,0
3610,73,1,0,0,0,0,0,0
2703,29,1,0,0,0,0,0,0
3773,58,1,0,0,0,0,0,0
2797,75,1,0,0,0,0,0,0
729,50,1,0,0,0,0,0,0
587,21,1,0,0,0,0,0,0
1211,26,1,0,0,0,0,0,0
3786,2,1,0,0,0,0,0,0
2060,93,1,0,0,0,0,0,0
3833,78,1,0,0,0,0,0,0
2609,59,1,0,0,0,0,0,0
2251,84,1,0,0,0,0,0,0
715,17,1,0,0,0,0,0,0
1220,16,1,0,0,0,0,0,0
1677,73,1,0,0,0,0,0,0
2602,53,1,0,0,0,0,0,0
1658,25,1,0,0,0,0,0,0
2940,27,1,0,0,0,0,0,0
1297,65,1,0,0,0,0,0,0
410,95,1,0,0,0,0,0,0
2741,30,1,0,0,0,0,0,0
3068,92,1,0,0,0,0,0,0
1612,90,1,0,0,0,0,0,0
487,28,1,0,0,0,0,0,0
622,75,1,0,0,0,0,0,0
655,42,1,0,0,0,0,0,0
413,16,1,0,0,0,0,0,0
590,48,1,0,0,0,0,0,0
2996,31,1,0,0,0,0,0,0
145,79,1,0,0,0,0,0,0
1321,64,1,0,0,0,0,0,0
3843,7,1,0,0,0,0,0,0
3546,34,1,0,0,0,0,0,0
2983,21,1,0,0,0,0,0,0
2612,21,1,0,0,0,0,0,0
745,65,1,0,0,0,0,0,0
2608,27,1,0,0,0,0,0,0
3105,85,1,0,0,0,0,0,0
1398,74,1,0,0,0,0,0,0
986,6,1,0,0,0,0,0,0
588,7,1,0,0,0,0,0,0
3437,57,1,0,0,0,0,0,0
2148,69,1,0,0,0,0,0,0
2489,73,1,0,0,0,0,0,0
1847,12,1,0,0,0,0,0,0
273,68,1,0,0,0,0,0,0
69,13,1,0,0,0,0,0,0
2865,86,1,0,0,0,0,0,0
1208,42,1,0,0,0,0,0,0
2933,30,1,0,0,0,0,0,0
1054,98,1,0,0,0,0,0,0
3075,68,1,0,0,0,0,0,0
1485,17,1,0,0,0,0,0,0
1323,49,1,0,0,0,0,0,0
1936,92,1,0,0,0,0,0,0
3291,51,1,0,0,0,0,0,0
1372,19,1,0,0,0,0,0,0
567,57,1,0,0,0,0,0,0
109,46,1,0,0,0,0,0,0
433,16,1,0,0,0,0,0,0
1455,77,1,0,0,0,0,0,0
751,97,1,0,0,0,0,0,0
368,96,1,0,0,0,0,0,0
815,86,1,0,0,0,0,0,0
3474,50,1,0,0,0,0,0,0
1571,46,1,0,0,0,0,0,0
3495,6,1,0,0,0,0,0,0
1448,50,1,0,0,0,0,0,0
2519,96,1,0,0,0,0,0,0
3836,97,1,0,0,0,0,0,0
2877,21,1,0,0,0,0,0,0
3107,59,1,0,0,0,0,0,0
1505,54,1,0,0,0,0,0,0
3573,17,1,0,0,0,0,0,0
301,62,1,0,0,0,0,0,0
2154,71,1,0,0,0,0,0,0
1434,73,1,0,0,0,0,0,0
1938,54,1,0,0,0,0,0,0
3804,74,1,0,0,0,0,0,0
1692,43,1,0,0,0,0,0,0
3510,74,1,0,0,0,0,0,0
3207,21,1,0,0,0,0,0,0
1676,32,1,0,0,0,0,0,0
2099,58,1,0,0,0,0,0,0
974,98,1,0,0,0,0,0,0
14,79,1,0,0,0,0,0,0
2396,7,1,0,0,0,0,0,0
2665,90,1,0,0,0,0,0,0
2209,42,1,0,0,0,0,0,0
1009,68,1,0,0,0,0,0,0
2066,50,1,0,0,0,0,0,0
326,36,1,0,0,0,0,0,0
2278,24,1,0,0,0,0,0,0
2393,87,1,0,0,0,0,0,0
3670,52,1,0,0,0,0,0,0
3906,66,1,0,0,0,0,0,0
242,51,1,0,0,0,0,0,0
140,36,1,0,0,0,0,0,0
1834,26,1,0,0,0,0,0,0
3457,91,1,0,0,0,0,0,0
3566,1,1,0,0,0,0,0,0
2005,86,1,0,0,0,0,0,0
731,83,1,0,0,0,0,0,0
2453,49,1,0,0,0,0,0,0
2587,41,1,0,0,0,0,0,0
3169,71,1,0,0,0,0,0,0
339,20,1,0,0,0,0,0,0
1308,60,1,0,0,0,0,0,0
3179,46,1,0,0,0,0,0,0
1063,79,1,0,0,0,0,0,0
2469,78,1,0,0,0,0,0,0
1293,22,1,0,0,0,0,0,0
688,69,1,0,0,0,0,0,0
323,44,1,0,0,0,0,0,0
386,74,1,0,0,0,0,0,0
534,50,1,0,0,0,0,0,0
851,92,1,0,0,0,0,0,0
3396,67,1,0,0,0,0,0,0
198,26,1,0,0,0,0,0,0
3817,86,1,0,0,0,0,0,0
2013,80,1,0,0,0,0,0,0
1169,68,1,0,0,0,0,0,0
2758,72,1,0,0,0,0,0,0
708,37,1,0,0,0,0,0,0
2105,22,1,0,0,0,0,0,0
1181,82,1,0,0,0,0,0,0
3691,75,1,0,0,0,0,0,0
2616,71,1,0,0,0,0,0,0
631,13,1,0,0,0,0,0,0
3776,62,1,0,0,0,0,0,0
3360,56,1,0,0,0,0,0,0
537,50,1,0,0,0,0,0,0
3416,56,1,0,0,0,0,0,0
3017,70,1,0,0,0,0,0,0
3409,32,1,0,0,0,0,0,0
479,23,1,0,0,0,0,0,0
3602,19,1,0,0,0,0,0,0
1291,71,1,0,0,0,0,0,0
294,42,1,0,0,0,0,0,0
1541,90,1,0,0,0,0,0,0
2675,57,1,0,0,0,0,0,0
2930,57,1,0,0,0,0,0,0
958,25,1,0,0,0,0,0,0
1330,44,1,0,0,0,0,0,0
2700,29,1,0,0,0,0,0,0
3674,39,1,0,0,0,0,0,0
1456,31,1,0,0,0,0,0,0
2456,34,1,0,0,0,0,0,0
3245,41,1,0,0,0,0,0,0
3794,4,1,0,0,0,0,0,0
1354,72,1,0,0,0,0,0,0
1073,65,1,0,0,0,0,0,0
1602,88,1,0,0,0,0,0,0
2155,27,1,0,0,0,0,0,0
561,36,1,0,0,0,0,0,0
1962,5,1,0,0,0,0,0,0
3310,1,1,0,0,0,0,0,0
750,10,1,0,0,0,0,0,0
3034,47,1,0,0,0,0,0,0
3626,10,1,0,0,0,0,0,0
2859,62,1,0,0,0,0,0,0
1493,28,1,0,0,0,0,0,0
37,43,1,0,0,0,0,0,0
3175,69,1,0,0,0,0,0,0
65,13,1,0,0,0,0,0,0
2351,58,1,0,0,0,0,0,0
2646,47,1,0,0,0,0,0,0
2160,14,1,0,0,0,0,0,0
1868,4,1,0,0,0,0,0,0
1951,2,1,0,0,0,0,0,0
3862,83,1,0,0,0,0,0,0
1879,17,1,0,0,0,0,0,0
3608,13,1,0,0,0,0,0,0
208,62,1,0,0,0,0,0,0
1689,57,1,0,0,0,0,0,0
121,4,1,0,0,0,0,0,0
85,51,1,0,0,0,0,0,0
2470,33,1,0,0,0,0,0,0
1842,84,1,0,0,0,0,0,0
3494,93,1,0,0,0,0,0,0
2492,54,1,0,0,0,0,0,0
528,95,1,0,0,0,0,0,0
1822,11,1,0,0,0,0,0,0
434,95,1,0,0,0,0,0,0
2208,27,1,0,0,0,0,0,0
3030,13,1,0,0,0,0,0,0
927,76,1,0,0,0,0,0,0
2369,58,1,0,0,0,0,0,0
1427,38,1,0,0,0,0,0,0
151,91,1,0,0,0,0,0,0
2008,47,1,0,0,0,0,0,0
188,7,1,0,0,0,0,0,0
1905,19,1,0,0,0,0,0,0
776,40,1,0,0,0,0,0,0
1270,43,1,0,0,0,0,0,0
2889,48,1,0,0,0,0,0,0
1182,7,1,0,0,0,0,0,0
1605,87,1,0,0,0,0,0,0
1092,77,1,0,0,0,0,0,0
2249,56,1,0,0,0,0,0,0
3575,84,1,0,0,0,0,0,0
1356,78,1,0,0,0,0,0,0
896,42,1,0,0,0,0,0,0
2081,24,1,0,0,0,0,0,0
539,38,1,0,0,0,0,0,0
1860,99,1,0,0,0,0,0,0
1481,81,1,0,0,0,0,0,0
1197,59,1,0,0,0,0,0,0
2540,100,1,0,0,0,0,0,0
3734,48,1,0,0,0,0,0,0
2062,96,1,0,0,0,0,0,0
601,73,1,0,0,0,0,0,0
2760,31,1,0,0,0,0,0,0
555,73,1,0,0,0,0,0,0
116,45,1,0,0,0,0,0,0
496,69,1,0,0,0,0,0,0
2114,97,1,0,0,0,0,0,0
3187,69,1,0,0,0,0,0,0
3404,40,1,0,0,0,0,0,0
110,43,1,0,0,0,0,0,0
574,72,1,0,0,0,0,0,0
254,80,1,0,0,0,0,0,0
1478,42,1,0,0,0,0,0,0
277,69,1,0,0,0,0,0,0
1923,70,1,0,0,0,0,0,0
2840,76,1,0,0,0,0,0,0
2174,81,1,0,0,0,0,0,0
2578,66,1,0,0,0,0,0,0
3834,31,1,0,0,0,0,0,0
893,4,1,0,0,0,0,0,0
3719,50,1,0,0,0,0,0,0
1414,62,1,0,0,0,0,0,0
2056,64,1,0,0,0,0,0,0
3838,14,1,0,0,0,0,0,0
2749,8,1,0,0,0,0,0,0
1314,49,1,0,0,0,0,0,0
690,72,1,0,0,0,0,0,0
3850,75,1,0,0,0,0,0,0
3139,66,1,0,0,0,0,0,0
616,49,1,0,0,0,0,0,0
1453,55,1,0,0,0,0,0,0
209,36,1,0,0,0,0,0,0
1256,81,1,0,0,0,0,0,0
2479,20,1,0,0,0,0,0,0
1795,26,1,0,0,0,0,0,0
2897,5,1,0,0,0,0,0,0
933,15,1,0,0,0,0,0,0
761,60,1,0,0,0,0,0,0
480,76,1,0,0,0,0,0,0
2378,86,1,0,0,0,0,0,0
621,9,1,0,0,0,0,0,0
952,97,1,0,0,0,0,0,0
2368,67,1,0,0,0,0,0,0
2414,95,1,0,0,0,0,0,0
1078,53,1,0,0,0,0,0,0
2188,65,1,0,0,0,0,0,0
905,18,1,0,0,0,0,0,0
3469,33,1,0,0,0,0,0,0
3186,11,1,0,0,0,0,0,0
1120,58,1,0,0,0,0,0,0
872,80,1,0,0,0,0,0,0
3633,98,1,0,0,0,0,0,0
3276,84,1,0,0,0,0,0,0
1516,84,1,0,0,0,0,0,0
1264,93,1,0,0,0,0,0,0
169,39,1,0,0,0,0,0,0
2176,71,1,0,0,0,0,0,0
3345,81,1,0,0,0,0,0,0
2563,75,1,0,0,0,0,0,0
1902,68,1,0,0,0,0,0,0
1678,80,1,0,0,0,0,0,0
3415,20,1,0,0,0,0,0,0
2696,46,1,0,0,0,0,0,0
1638,100,1,0,0,0,0,0,0
1214,30,1,0,0,0,0,0,0
3233,48,1,0,0,0,0,0,0
2091,53,1,0,0,0,0,0,0
192,31,1,0,0,0,0,0,0
2995,61,1,0,0,0,0,0,0
2354,71,1,0,0,0,0,0,0
1906,76,1,0,0,0,0,0,0
9,19,1,0,0,0,0,0,0
1912,55,1,0,0,0,0,0,0
608,79,1,0,0,0,0,0,0
1344,64,1,0,0,0,0,0,0
2838,78,1,0,0,0,0,0,0
1761,91,1,0,0,0,0,0,0
2623,39,1,0,0,0,0,0,0
3111,61,1,0,0,0,0,0,0
909,77,1,0,0,0,0,0,0
1994,26,1,0,0,0,0,0,0
802,6,1,0,0,0,0,0,0
987,66,1,0,0,0,0,0,0
3526,61,1,0,0,0,0,0,0
1065,16,1,0,0,0,0,0,0
1823,32,1,0,0,0,0,0,0
1466,24,1,0,0,0,0,0,0
249,72,1,0,0,0,0,0,0
2405,40,1,0,0,0,0,0,0
1283,60,1,0,0,0,0,0,0
492,39,1,0,0,0,0,0,0
3815,41,1,0,0,0,0,0,0
3625,49,1,0,0,0,0,0,0
1180,26,1,0,0,0,0,0,0
1114,18,1,0,0,0,0,0,0
920,40,1,0,0,0,0,0,0
3853,97,1,0,0,0,0,0,0
2303,87,1,0,0,0,0,0,0
1402,25,1,0,0,0,0,0,0
3671,18,1,0,0,0,0,0,0
3314,24,1,0,0,0,0,0,0
3320,6,1,0,0,0,0,0,0
2687,40,1,0,0,0,0,0,0
2454,86,1,0,0,0,0,0,0
2205,72,1,0,0,0,0,0,0
3053,99,1,0,0,0,0,0,0
1013,87,1,0,0,0,0,0,0
3611,91,1,0,0,0,0,0,0
826,19,1,0,0,0,0,0,0
1539,96,1,0,0,0,0,0,0
1786,85,1,0,0,0,0,0,0
3703,99,1,0,0,0,0,0,0
2521,59,1,0,0,0,0,0,0
3617,15,1,0,0,0,0,0,0
1210,67,1,0,0,0,0,0,0
1869,78,1,0,0,0,0,0,0
2926,36,1,0,0,0,0,0,0
2620,100,1,0,0,0,0,0,0
1028,31,1,0,0,0,0,0,0
465,91,1,0,0,0,0,0,0
3193,71,1,0,0,0,0,0,0
855,38,1,0,0,0,0,0,0
1978,56,1,0,0,0,0,0,0
373,85,1,0,0,0,0,0,0
1911,9,1,0,0,0,0,0,0
3278,59,1,0,0,0,0,0,0
93,1,1,0,0,0,0,0,0
298,64,1,0,0,0,0,0,0
2853,50,1,0,0,0,0,0,0
1876,44,1,0,0,0,0,0,0
2259,93,1,0,0,0,0,0,0
1008,86,1,0,0,0,0,0,0
2284,43,1,0,0,0,0,0,0
3632,78,1,0,0,0,0,0,0
1578,27,1,0,0,0,0,0,0
2046,49,1,0,0,0,0,0,0
3300,82,1,0,0,0,0,0,0
488,100,1,0,0,0,0,0,0
1042,41,1,0,0,0,0,0,0
22,12,1,0,0,0,0,0,0
2417,84,1,0,0,0,0,0,0
3848,76,1,0,0,0,0,0,0
3718,8,1,0,0,0,0,0,0
1750,33,1,0,0,0,0,0,0
1592,38,1,0,0,0,0,0,0
861,52,1,0,0,0,0,0,0
1069,80,1,0,0,0,0,0,0
2362,39,1,0,0,0,0,0,0
566,26,1,0,0,0,0,0,0
2458,89,1,0,0,0,0,0,0
2586,30,1,0,0,0,0,0,0
2217,53,1,0,0,0,0,0,0
3627,17,1,0,0,0,0,0,0
3366,63,1,0,0,0,0,0,0
3521,23,1,0,0,0,0,0,0
918,60,1,0,0,0,0,0,0
2491,98,1,0,0,0,0,0,0
20,46,1,0,0,0,0,0,0
2569,37,1,0,0,0,0,0,0
524,86,1,0,0,0,0,0,0
763,9,1,0,0,0,0,0,0
2472,70,1,0,0,0,0,0,0
1894,27,1,0,0,0,0,0,0
3677,90,1,0,0,0,0,0,0
2364,19,1,0,0,0,0,0,0
218,69,1,0,0,0,0,0,0
2498,32,1,0,0,0,0,0,0
2172,38,1,0,0,0,0,0,0
172,51,1,0,0,0,0,0,0
2942,9,1,0,0,0,0,0,0
2599,31,1,0,0,0,0,0,0
3084,70,1,0,0,0,0,0,0
3711,14,1,0,0,0,0,0,0
177,39,1,0,0,0,0,0,0
3751,4,1,0,0,0,0,0,0
1034,33,1,0,0,0,0,0,0
2204,74,1,0,0,0,0,0,0
3177,46,1,0,0,0,0,0,0
3394,41,1,0,0,0,0,0,0
517,1,1,0,0,0,0,0,0
2584,7,1,0,0,0,0,0,0
421,48,1,0,0,0,0,0,0
53,39,1,0,0,0,0,0,0
979,12,1,0,0,0,0,0,0
267,12,1,0,0,0,0,0,0
527,76,1,0,0,0,0,0,0
2617,68,1,0,0,0,0,0,0
3630,22,1,0,0,0,0,0,0
1088,94,1,0,0,0,0,0,0
2778,48,1,0,0,0,0,0,0
312,38,1,0,0,0,0,0,0
352,18,1,0,0,0,0,0,0
1062,57,1,0,0,0,0,0,0
3574,35,1,0,0,0,0,0,0
1313,75,1,0,0,0,0,0,0
668,20,1,0,0,0,0,0,0
3746,52,1,0,0,0,0,0,0
3108,34,1,0,0,0,0,0,0
499,8,1,0,0,0,0,0,0
1388,83,1,0,0,0,0,0,0
118,21,1,0,0,0,0,0,0
1932,6,1,0,0,0,0,0,0
3167,42,1,0,0,0,0,0,0
764,99,1,0,0,0,0,0,0
2994,82,1,0,0,0,0,0,0
2798,29,1,0,0,0,0,0,0
181,62,1,0,0,0,0,0,0
1359,96,1,0,0,0,0,0,0
510,51,1,0,0,0,0,0,0
2220,54,1,0,0,0,0,0,0
2333,69,1,0,0,0,0,0,0
821,37,1,0,0,0,0,0,0
775,44,1,0,0,0,0,0,0
200,15,1,0,0,0,0,0,0
1230,94,1,0,0,0,0,0,0
1212,25,1,0,0,0,0,0,0
2156,41,1,0,0,0,0,0,0
23,17,1,0,0,0,0,0,0
1055,14,1,0,0,0,0,0,0
1326,73,1,0,0,0,0,0,0
3294,63,1,0,0,0,0,0,0
1027,57,1,0,0,0,0,0,0
142,52,1,0,0,0,0,0,0
1068,41,1,0,0,0,0,0,0
3168,54,1,0,0,0,0,0,0
531,49,1,0,0,0,0,0,0
2532,89,1,0,0,0,0,0,0
3679,18,1,0,0,0,0,0,0
2486,23,1,0,0,0,0,0,0
3137,88,1,0,0,0,0,0,0
2371,98,1,0,0,0,0,0,0
3330,97,1,0,0,0,0,0,0
1391,99,1,0,0,0,0,0,0
1199,6,1,0,0,0,0,0,0
684,57,1,0,0,0,0,0,0
627,37,1,0,0,0,0,0,0
2534,58,1,0,0,0,0,0,0
735,9,1,0,0,0,0,0,0
3293,29,1,0,0,0,0,0,0
1176,90,1,0,0,0,0,0,0
252,55,1,0,0,0,0,0,0
966,82,1,0,0,0,0,0,0
235,39,1,0,0,0,0,0,0
1968,8,1,0,0,0,0,0,0
29,33,1,0,0,0,0,0,0
1983,39,1,0,0,0,0,0,0
2493,68,1,0,0,0,0,0,0
3255,99,1,0,0,0,0,0,0
3356,75,1,0,0,0,0,0,0
2212,12,1,0,0,0,0,0,0
1855,47,1,0,0,0,0,0,0
1600,100,1,0,0,0,0,0,0
827,1,1,0,0,0,0,0,0
3922,61,1,0,0,0,0,0,0
1580,56,1,0,0,0,0,0,0
682,93,1,0,0,0,0,0,0
1996,66,1,0,0,0,0,0,0
244,90,1,0,0,0,0,0,0
155,99,1,0,0,0,0,0,0
1225,7,1,0,0,0,0,0,0
796,2,1,0,0,0,0,0,0
3599,30,1,0,0,0,0,0,0
1141,45,1,0,0,0,0,0,0
1501,50,1,0,0,0,0,0,0
813,7,1,0,0,0,0,0,0
3298,16,1,0,0,0,0,0,0
3353,63,1,0,0,0,0,0,0
2152,83,1,0,0,0,0,0,0
7,34,1,0,0,0,0,0,0
3689,23,1,0,0,0,0,0,0
593,22,1,0,0,0,0,0,0
2707,93,1,0,0,0,0,0,0
3427,76,1,0,0,0,0,0,0
1680,2,1,0,0,0,0,0,0
2332,63,1,0,0,0,0,0,0
2655,29,1,0,0,0,0,0,0
1728,74,1,0,0,0,0,0,0
89,86,1,0,0,0,0,0,0
2206,97,1,0,0,0,0,0,0
2868,42,1,0,0,0,0,0,0
2219,52,1,0,0,0,0,0,0
1018,98,1,0,0,0,0,0,0
1626,5,1,0,0,0,0,0,0
99,2,1,0,0,0,0,0,0
1219,16,1,0,0,0,0,0,0
1275,8,1,0,0,0,0,0,0
1487,26,1,0,0,0,0,0,0
938,26,1,0,0,0,0,0,0
495,12,1,0,0,0,0,0,0
1770,16,1,0,0,0,0,0,0
2116,44,1,0,0,0,0,0,0
2894,64,1,0,0,0,0,0,0
2203,20,1,0,0,0,0,0,0
904,78,1,0,0,0,0,0,0
1564,11,1,0,0,0,0,0,0
3621,23,1,0,0,0,0,0,0
3911,49,1,0,0,0,0,0,0
3000,22,1,0,0,0,0,0,0
692,53,1,0,0,0,0,0,0
2557,95,1,0,0,0,0,0,0
2907,62,1,0,0,0,0,0,0
2891,99,1,0,0,0,0,0,0
3058,21,1,0,0,0,0,0,0
895,89,1,0,0,0,0,0,0
3531,61,1,0,0,0,0,0,0
3016,2,1,0,0,0,0,0,0
2411,42,1,0,0,0,0,0,0
2887,24,1,0,0,0,0,0,0
2137,12,1,0,0,0,0,0,0
3666,24,1,0,0,0,0,0,0
848,16,1,0,0,0,0,0,0
2022,34,1,0,0,0,0,0,0
2914,95,1,0,0,0,0,0,0
3530,52,1,0,0,0,0,0,0
2144,68,1,0,0,0,0,0,0
936,44,1,0,0,0,0,0,0
2029,2,1,0,0,0,0,0,0
1271,16,1,0,0,0,0,0,0
2535,51,1,0,0,0,0,0,0
3471,29,1,0,0,0,0,0,0
3212,53,1,0,0,0,0,0,0
912,2,1,0,0,0,0,0,0
3357,26,1,0,0,0,0,0,0
1530,84,1,0,0,0,0,0,0
2591,19,1,0,0,0,0,0,0
2168,90,1,0,0,0,0,0,0
3151,28,1,0,0,0,0,0,0
3612,58,1,0,0,0,0,0,0
111,28,1,0,0,0,0,0,0
3816,66,1,0,0,0,0,0,0
2642,96,1,0,0,0,0,0,0
1304,59,1,0,0,0,0,0,0
62,24,1,0,0,0,0,0,0
3831,80,1,0,0,0,0,0,0
1124,25,1,0,0,0,0,0,0
2077,18,1,0,0,0,0,0,0
570,89,1,0,0,0,0,0,0
2294,39,1,0,0,0,0,0,0
2811,72,1,0,0,0,0,0,0
3430,98,1,0,0,0,0,0,0
2041,81,1,0,0,0,0,0,0
3582,24,1,0,0,0,0,0,0
63,97,1,0,0,0,0,0,0
1347,100,1,0,0,0,0,0,0
1746,77,1,0,0,0,0,0,0
554,96,1,0,0,0,0,0,0
1685,62,1,0,0,0,0,0,0
1139,57,1,0,0,0,0,0,0
1258,14,1,0,0,0,0,0,0
1642,68,1,0,0,0,0,0,0
1437,53,1,0,0,0,0,0,0
1317,38,1,0,0,0,0,0,0
2551,92,1,0,0,0,0,0,0
1221,71,1,0,0,0,0,0,0
1218,28,1,0,0,0,0,0,0
771,94,1,0,0,0,0,0,0
714,76,1,0,0,0,0,0,0
2582,4,1,0,0,0,0,0,0
3289,96,1,0,0,0,0,0,0
2437,35,1,0,0,0,0,0,0
2018,44,1,0,0,0,0,0,0
858,43,1,0,0,0,0,0,0
2813,1,1,0,0,0,0,0,0
1259,41,1,0,0,0,0,0,0
1004,26,1,0,0,0,0,0,0
1190,92,1,0,0,0,0,0,0
2864,7,1,0,0,0,0,0,0
1174,75,1,0,0,0,0,0,0
774,6,1,0,0,0,0,0,0
650,63,1,0,0,0,0,0,0
1617,50,1,0,0,0,0,0,0
1355,25,1,0,0,0,0,0,0
1191,44,1,0,0,0,0,0,0
2283,7,1,0,0,0,0,0,0
2588,54,1,0,0,0,0,0,0
3204,46,1,0,0,0,0,0,0
2496,34,1,0,0,0,0,0,0
1518,98,1,0,0,0,0,0,0
3502,2,1,0,0,0,0,0,0
3888,17,1,0,0,0,0,0,0
2182,54,1,0,0,0,0,0,0
1554,11,1,0,0,0,0,0,0
787,1,1,0,0,0,0,0,0
311,12,1,0,0,0,0,0,0
265,25,1,0,0,0,0,0,0
1583,29,1,0,0,0,0,0,0
2964,11,1,0,0,0,0,0,0
696,40,1,0,0,0,0,0,0
2306,20,1,0,0,0,0,0,0
2248,42,1,0,0,0,0,0,0
935,72,1,0,0,0,0,0,0
1805,15,1,0,0,0,0,0,0
954,23,1,0,0,0,0,0,0
32,52,1,0,0,0,0,0,0
3858,64,1,0,0,0,0,0,0
497,60,1,0,0,0,0,0,0
1435,16,1,0,0,0,0,0,0
2796,45,1,0,0,0,0,0,0
1031,94,1,0,0,0,0,0,0
3518,47,1,0,0,0,0,0,0
3484,93,1,0,0,0,0,0,0
3586,17,1,0,0,0,0,0,0
3354,30,1,0,0,0,0,0,0
1226,16,1,0,0,0,0,0,0
2007,91,1,0,0,0,0,0,0
1142,40,1,0,0,0,0,0,0
3142,98,1,0,0,0,0,0,0
525,67,1,0,0,0,0,0,0
3515,48,1,0,0,0,0,0,0
3315,20,1,0,0,0,0,0,0
2841,85,1,0,0,0,0,0,0
1547,73,1,0,0,0,0,0,0
3688,87,1,0,0,0,0,0,0
3813,99,1,0,0,0,0,0,0
2905,92,1,0,0,0,0,0,0
3541,43,1,0,0,0,0,0,0
2464,98,1,0,0,0,0,0,0
239,10,1,0,0,0,0,0,0
1016,52,1,0,0,0,0,0,0
894,51,1,0,0,0,0,0,0
2304,53,1,0,0,0,0,0,0
1783,80,1,0,0,0,0,0,0
1984,51,1,0,0,0,0,0,0
2574,91,1,0,0,0,0,0,0
1576,75,1,0,0,0,0,0,0
3440,59,1,0,0,0,0,0,0
1874,59,1,0,0,0,0,0,0
3,97,1,0,0,0,0,0,0
1839,81,1,0,0,0,0,0,0
1503,28,1,0,0,0,0,0,0
2829,78,1,0,0,0,0,0,0
564,22,1,0,0,0,0,0,0
1818,39,1,0,0,0,0,0,0
50,32,1,0,0,0,0,0,0
396,54,1,0,0,0,0,0,0
3153,82,1,0,0,0,0,0,0
12,81,1,0,0,0,0,0,0
3643,68,1,0,0,0,0,0,0
2906,79,1,0,0,0,0,0,0
129,37,1,0,0,0,0,0,0
3336,81,1,0,0,0,0,0,0
2947,20,1,0,0,0,0,0,0
3537,70,1,0,0,0,0,0,0
3348,35,1,0,0,0,0,0,0
2500,93,1,0,0,0,0,0,0
2818,28,1,0,0,0,0,0,0
3194,77,1,0,0,0,0,0,0
2280,72,1,0,0,0,0,0,0
2901,99,1,0,0,0,0,0,0
1755,14,1,0,0,0,0,0,0
3412,15,1,0,0,0,0,0,0
2802,32,1,0,0,0,0,0,0
2959,94,1,0,0,0,0,0,0
317,79,1,0,0,0,0,0,0
659,3,1,0,0,0,0,0,0
2010,98,1,0,0,0,0,0,0
2216,70,1,0,0,0,0,0,0
3378,95,1,0,0,0,0,0,0
639,6,1,0,0,0,0,0,0
3359,40,1,0,0,0,0,0,0
1247,5,1,0,0,0,0,0,0
328,54,1,0,0,0,0,0,0
98,12,1,0,0,0,0,0,0
3784,75,1,0,0,0,0,0,0
1939,60,1,0,0,0,0,0,0
801,96,1,0,0,0,0,0,0
805,90,1,0,0,0,0,0,0
953,3,1,0,0,0,0,0,0
3391,23,1,0,0,0,0,0,0
2261,32,1,0,0,0,0,0,0
395,32,1,0,0,0,0,0,0
1754,44,1,0,0,0,0,0,0
823,53,1,0,0,0,0,0,0
398,85,1,0,0,0,0,0,0
2434,82,1,0,0,0,0,0,0
2115,28,1,0,0,0,0,0,0
2009,72,1,0,0,0,0,0,0
94,43,1,0,0,0,0,0,0
3650,28,1,0,0,0,0,0,0
1830,68,1,0,0,0,0,0,0
3830,72,1,0,0,0,0,0,0
3021,7,1,0,0,0,0,0,0
2678,35,1,0,0,0,0,0,0
1596,91,1,0,0,0,0,0,0
693,58,1,0,0,0,0,0,0
700,98,1,0,0,0,0,0,0
1715,11,1,0,0,0,0,0,0
56,57,1,0,0,0,0,0,0
711,57,1,0,0,0,0,0,0
1023,69,1,0,0,0,0,0,0
1522,66,1,0,0,0,0,0,0
1486,18,1,0,0,0,0,0,0
80,51,1,0,0,0,0,0,0
3236,55,1,0,0,0,0,0,0
3308,67,1,0,0,0,0,0,0
3525,64,1,0,0,0,0,0,0
1263,23,1,0,0,0,0,0,0
1537,17,1,0,0,0,0,0,0
3547,8,1,0,0,0,0,0,0
2879,88,1,0,0,0,0,0,0
3485,31,1,0,0,0,0,0,0
1688,9,1,0,0,0,0,0,0
1644,74,1,0,0,0,0,0,0
1335,70,1,0,0,0,0,0,0
1993,63,1,0,0,0,0,0,0
113,32,1,0,0,0,0,0,0
1928,84,1,0,0,0,0,0,0
17,6,1,0,0,0,0,0,0
829,42,1,0,0,0,0,0,0
3819,38,1,0,0,0,0,0,0
2581,86,1,0,0,0,0,0,0
1140,33,1,0,0,0,0,0,0
3462,1,1,0,0,0,0,0,0
2023,13,1,0,0,0,0,0,0
3443,9,1,0,0,0,0,0,0
2122,1,1,0,0,0,0,0,0
258,69,1,0,0,0,0,0,0
2606,55,1,0,0,0,0,0,0
379,34,1,0,0,0,0,0,0
3208,37,1,0,0,0,0,0,0
3230,72,1,0,0,0,0,0,0
2852,47,1,0,0,0,0,0,0
2107,96,1,0,0,0,0,0,0
1239,79,1,0,0,0,0,0,0
3038,79,1,0,0,0,0,0,0
1817,89,1,0,0,0,0,0,0
2048,42,1,0,0,0,0,0,0
3486,14,1,0,0,0,0,0,0
989,5,1,0,0,0,0,0,0
951,99,1,0,0,0,0,0,0
3114,80,1,0,0,0,0,0,0
2324,74,1,0,0,0,0,0,0
3921,76,1,0,0,0,0,0,0
446,53,1,0,0,0,0,0,0
2767,73,1,0,0,0,0,0,0
3814,75,1,0,0,0,0,0,0
641,80,1,0,0,0,0,0,0
1616,3,1,0,0,0,0,0,0
2913,92,1,0,0,0,0,0,0
3453,44,1,0,0,0,0,0,0
582,54,1,0,0,0,0,0,0
2576,14,1,0,0,0,0,0,0
3593,73,1,0,0,0,0,0,0
3698,42,1,0,0,0,0,0,0
1717,38,1,0,0,0,0,0,0
2076,76,1,0,0,0,0,0,0
3122,27,1,0,0,0,0,0,0
1215,39,1,0,0,0,0,0,0
1276,63,1,0,0,0,0,0,0
2903,67,1,0,0,0,0,0,0
2929,66,1,0,0,0,0,0,0
1482,97,1,0,0,0,0,0,0
1261,17,1,0,0,0,0,0,0
3046,57,1,0,0,0,0,0,0
1901,66,1,0,0,0,0,0,0
3882,60,1,0,0,0,0,0,0
589,2,1,0,0,0,0,0,0
101,63,1,0,0,0,0,0,0
2594,53,1,0,0,0,0,0,0
1104,84,1,0,0,0,0,0,0
3781,33,1,0,0,0,0,0,0
3656,12,1,0,0,0,0,0,0
3066,77,1,0,0,0,0,0,0
259,79,1,0,0,0,0,0,0
3886,64,1,0,0,0,0,0,0
2006,69,1,0,0,0,0,0,0
2199,24,1,0,0,0,0,0,0
3820,4,1,0,0,0,0,0,0
2652,44,1,0,0,0,0,0,0
2809,52,1,0,0,0,0,0,0
1632,22,1,0,0,0,0,0,0
3429,13,1,0,0,0,0,0,0
1232,63,1,0,0,0,0,0,0
3727,55,1,0,0,0,0,0,0
971,24,1,0,0,0,0,0,0
3263,1,1,0,0,0,0,0,0
3393,32,1,0,0,0,0,0,0
33,60,1,0,0,0,0,0,0
1010,72,1,0,0,0,0,0,0
1044,100,1,0,0,0,0,0,0
1217,6,1,0,0,0,0,0,0
2299,15,1,0,0,0,0,0,0
3380,74,1,0,0,0,0,0,0
3716,4,1,0,0,0,0,0,0
1776,4,1,0,0,0,0,0,0
1961,27,1,0,0,0,0,0,0
1464,41,1,0,0,0,0,0,0
3365,69,1,0,0,0,0,0,0
1579,50,1,0,0,0,0,0,0
1056,28,1,0,0,0,0,0,0
2900,91,1,0,0,0,0,0,0
3202,96,1,0,0,0,0,0,0
2297,26,1,0,0,0,0,0,0
2275,8,1,0,0,0,0,0,0
73,45,1,0,0,0,0,0,0
186,57,1,0,0,0,0,0,0
2558,64,1,0,0,0,0,0,0
1565,62,1,0,0,0,0,0,0
2579,24,1,0,0,0,0,0,0
3316,59,1,0,0,0,0,0,0
1519,8,1,0,0,0,0,0,0
206,36,1,0,0,0,0,0,0
1687,88,1,0,0,0,0,0,0
3379,97,1,0,0,0,0,0,0
167,69,1,0,0,0,0,0,0
2298,48,1,0,0,0,0,0,0
146,43,1,0,0,0,0,0,0
3340,70,1,0,0,0,0,0,0
420,13,1,0,0,0,0,0,0
3871,99,1,0,0,0,0,0,0
1157,76,1,0,0,0,0,0,0
3232,13,1,0,0,0,0,0,0
1496,63,1,0,0,0,0,0,0
1138,19,1,0,0,0,0,0,0
2791,1,1,0,0,0,0,0,0
3797,28,1,0,0,0,0,0,0
3919,19,1,0,0,0,0,0,0
2476,63,1,0,0,0,0,0,0
226,1,1,0,0,0,0,0,0
3140,4,1,0,0,0,0,0,0
3215,52,1,0,0,0,0,0,0
767,8,1,0,0,0,0,0,0
1828,71,1,0,0,0,0,0,0
2028,85,1,0,0,0,0,0,0
1528,16,1,0,0,0,0,0,0
3468,81,1,0,0,0,0,0,0
329,38,1,0,0,0,0,0,0
2718,94,1,0,0,0,0,0,0
719,34,1,0,0,0,0,0,0
70,66,1,0,0,0,0,0,0
2528,68,1,0,0,0,0,0,0
1108,80,1,0,0,0,0,0,0
2171,24,1,0,0,0,0,0,0
2927,47,1,0,0,0,0,0,0
40,64,1,0,0,0,0,0,0
512,13,1,0,0,0,0,0,0
51,63,1,0,0,0,0,0,0
2908,2,1,0,0,0,0,0,0
282,34,1,0,0,0,0,0,0
1243,87,1,0,0,0,0,0,0
3081,16,1,0,0,0,0,0,0
3160,17,1,0,0,0,0,0,0
1227,88,1,0,0,0,0,0,0
3337,26,1,0,0,0,0,0,0
2097,45,1,0,0,0,0,0,0
3347,41,1,0,0,0,0,0,0
2651,52,1,0,0,0,0,0,0
84,6,1,0,0,0,0,0,0
248,80,1,0,0,0,0,0,0
1650,37,1,0,0,0,0,0,0
1058,78,1,0,0,0,0,0,0
1167,67,1,0,0,0,0,0,0
2134,86,1,0,0,0,0,0,0
1117,13,1,0,0,0,0,0,0
3447,60,1,0,0,0,0,0,0
962,38,1,0,0,0,0,0,0
1045,52,1,0,0,0,0,0,0
3280,94,1,0,0,0,0,0,0
2195,52,1,0,0,0,0,0,0
1014,12,1,0,0,0,0,0,0
3104,87,1,0,0,0,0,0,0
1097,92,1,0,0,0,0,0,0
1110,50,1,0,0,0,0,0,0
2112,42,1,0,0,0,0,0,0
1322,20,1,0,0,0,0,0,0
1946,8,1,0,0,0,0,0,0
2533,43,1,0,0,0,0,0,0
678,83,1,0,0,0,0,0,0
3559,58,1,0,0,0,0,0,0
2084,75,1,0,0,0,0,0,0
454,62,1,0,0,0,0,0,0
2589,65,1,0,0,0,0,0,0
1629,95,1,0,0,0,0,0,0
3885,42,1,0,0,0,0,0,0
2697,22,1,0,0,0,0,0,0
2130,37,1,0,0,0,0,0,0
1527,18,1,0,0,0,0,0,0
2565,34,1,0,0,0,0,0,0
3241,10,1,0,0,0,0,0,0
337,40,1,0,0,0,0,0,0
1209,54,1,0,0,0,0,0,0
3673,61,1,0,0,0,0,0,0
2539,52,1,0,0,0,0,0,0
1640,90,1,0,0,0,0,0,0
3219,38,1,0,0,0,0,0,0
2187,67,1,0,0,0,0,0,0
1778,82,1,0,0,0,0,0,0
2230,42,1,0,0,0,0,0,0
3401,75,1,0,0,0,0,0,0
2450,31,1,0,0,0,0,0,0
3555,65,1,0,0,0,0,0,0
1573,39,1,0,0,0,0,0,0
3192,24,1,0,0,0,0,0,0
3306,41,1,0,0,0,0,0,0
1510,67,1,0,0,0,0,0,0
3152,64,1,0,0,0,0,0,0
168,40,1,0,0,0,0,0,0
911,1,1,0,0,0,0,0,0
717,41,1,0,0,0,0,0,0
79,2,1,0,0,0,0,0,0
1534,4,1,0,0,0,0,0,0
3482,63,1,0,0,0,0,0,0
2103,48,1,0,0,0,0,0,0
2387,7,1,0,0,0,0,0,0
1081,27,1,0,0,0,0,0,0
2335,4,1,0,0,0,0,0,0
1926,16,1,0,0,0,0,0,0
333,21,1,0,0,0,0,0,0
1624,28,1,0,0,0,0,0,0
2917,27,1,0,0,0,0,0,0
3753,69,1,0,0,0,0,0,0
2736,36,1,0,0,0,0,0,0
888,74,1,0,0,0,0,0,0
3916,100,1,0,0,0,0,0,0
189,80,1,0,0,0,0,0,0
1166,21,1,0,0,0,0,0,0
1566,35,1,0,0,0,0,0,0
1093,30,1,0,0,0,0,0,0
562,55,1,0,0,0,0,0,0
2559,13,1,0,0,0,0,0,0
2422,5,1,0,0,0,0,0,0
2822,16,1,0,0,0,0,0,0
3646,36,1,0,0,0,0,0,0
2547,32,1,0,0,0,0,0,0
2061,25,1,0,0,0,0,0,0
3049,20,1,0,0,0,0,0,0
347,52,1,0,0,0,0,0,0
1800,66,1,0,0,0,0,0,0
3170,42,1,0,0,0,0,0,0
2228,4,1,0,0,0,0,0,0
2746,4,1,0,0,0,0,0,0
522,24,1,0,0,0,0,0,0
3264,64,1,0,0,0,0,0,0
2756,69,1,0,0,0,0,0,0
1177,65,1,0,0,0,0,0,0
733,67,1,0,0,0,0,0,0
887,32,1,0,0,0,0,0,0
2328,65,1,0,0,0,0,0,0
204,93,1,0,0,0,0,0,0
1895,95,1,0,0,0,0,0,0
1808,5,1,0,0,0,0,0,0
2659,26,1,0,0,0,0,0,0
451,28,1,0,0,0,0,0,0
2568,64,1,0,0,0,0,0,0
3247,15,1,0,0,0,0,0,0
3210,96,1,0,0,0,0,0,0
86,21,1,0,0,0,0,0,0
340,38,1,0,0,0,0,0,0
1132,85,1,0,0,0,0,0,0
1877,94,1,0,0,0,0,0,0
1079,29,1,0,0,0,0,0,0
2281,52,1,0,0,0,0,0,0
2998,21,1,0,0,0,0,0,0
346,80,1,0,0,0,0,0,0
1442,21,1,0,0,0,0,0,0
3259,81,1,0,0,0,0,0,0
1977,39,1,0,0,0,0,0,0
3361,58,1,0,0,0,0,0,0
1690,10,1,0,0,0,0,0,0
770,60,1,0,0,0,0,0,0
2482,26,1,0,0,0,0,0,0
3225,32,1,0,0,0,0,0,0
125,64,1,0,0,0,0,0,0
309,45,1,0,0,0,0,0,0
2449,100,1,0,0,0,0,0,0
2812,29,1,0,0,0,0,0,0
910,91,1,0,0,0,0,0,0
1619,22,1,0,0,0,0,0,0
494,15,1,0,0,0,0,0,0
2466,9,1,0,0,0,0,0,0
39,100,1,0,0,0,0,0,0
359,6,1,0,0,0,0,0,0
672,7,1,0,0,0,0,0,0
2676,74,1,0,0,0,0,0,0
3855,6,1,0,0,0,0,0,0
1931,14,1,0,0,0,0,0,0
3742,65,1,0,0,0,0,0,0
1545,43,1,0,0,0,0,0,0
3844,46,1,0,0,0,0,0,0
1162,10,1,0,0,0,0,0,0
3743,25,1,0,0,0,0,0,0
2842,76,1,0,0,0,0,0,0
960,14,1,0,0,0,0,0,0
1336,50,1,0,0,0,0,0,0
376,97,1,0,0,0,0,0,0
3647,71,1,0,0,0,0,0,0
538,1,1,0,0,0,0,0,0
2082,72,1,0,0,0,0,0,0
96,13,1,0,0,0,0,0,0
1740,50,1,0,0,0,0,0,0
212,27,1,0,0,0,0,0,0
3588,38,1,0,0,0,0,0,0
996,45,1,0,0,0,0,0,0
1791,88,1,0,0,0,0,0,0
2938,64,1,0,0,0,0,0,0
3242,72,1,0,0,0,0,0,0
540,76,1,0,0,0,0,0,0
2277,16,1,0,0,0,0,0,0
2658,19,1,0,0,0,0,0,0
3256,61,1,0,0,0,0,0,0
2253,77,1,0,0,0,0,0,0
550,70,1,0,0,0,0,0,0
2330,77,1,0,0,0,0,0,0
3690,48,1,0,0,0,0,0,0
3664,2,1,0,0,0,0,0,0
706,61,1,0,0,0,0,0,0
158,53,1,0,0,0,0,0,0
3220,18,1,0,0,0,0,0,0
1594,11,1,0,0,0,0,0,0
2357,52,1,0,0,0,0,0,0
1400,50,1,0,0,0,0,0,0
1022,81,1,0,0,0,0,0,0
3695,49,1,0,0,0,0,0,0
1508,52,1,0,0,0,0,0,0
3007,46,1,0,0,0,0,0,0
3872,15,1,0,0,0,0,0,0
916,20,1,0,0,0,0,0,0
1613,31,1,0,0,0,0,0,0
3845,2,1,0,0,0,0,0,0
869,61,1,0,0,0,0,0,0
2222,85,1,0,0,0,0,0,0
3523,8,1,0,0,0,0,0,0
1364,81,1,0,0,0,0,0,0
2356,14,1,0,0,0,0,0,0
1974,63,1,0,0,0,0,0,0
2695,5,1,0,0,0,0,0,0
1560,55,1,0,0,0,0,0,0
202,10,1,0,0,0,0,0,0
120,16,1,0,0,0,0,0,0
777,55,1,0,0,0,0,0,0
1075,12,1,0,0,0,0,0,0
3428,20,1,0,0,0,0,0,0
3273,22,1,0,0,0,0,0,0
2310,90,1,0,0,0,0,0,0
3373,5,1,0,0,0,0,0,0
1229,46,1,0,0,0,0,0,0
3563,41,1,0,0,0,0,0,0
3669,11,1,0,0,0,0,0,0
3729,22,1,0,0,0,0,0,0
3800,31,1,0,0,0,0,0,0
2229,83,1,0,0,0,0,0,0
2754,96,1,0,0,0,0,0,0
2512,72,1,0,0,0,0,0,0
2201,8,1,0,0,0,0,0,0
2361,9,1,0,0,0,0,0,0
3296,98,1,0,0,0,0,0,0
2848,12,1,0,0,0,0,0,0
3789,49,1,0,0,0,0,0,0
998,53,1,0,0,0,0,0,0
2831,13,1,0,0,0,0,0,0
725,28,1,0,0,0,0,0,0
2460,64,1,0,0,0,0,0,0
2613,92,1,0,0,0,0,0,0
718,91,1,0,0,0,0,0,0
1726,92,1,0,0,0,0,0,0
662,61,1,0,0,0,0,0,0
3144,67,1,0,0,0,0,0,0
3908,9,1,0,0,0,0,0,0
1910,45,1,0,0,0,0,0,0
1908,89,1,0,0,0,0,0,0
3466,29,1,0,0,0,0,0,0
296,31,1,0,0,0,0,0,0
1831,21,1,0,0,0,0,0,0
2016,4,1,0,0,0,0,0,0
3811,16,1,0,0,0,0,0,0
1656,67,1,0,0,0,0,0,0
2693,46,1,0,0,0,0,0,0
1184,21,1,0,0,0,0,0,0
1421,15,1,0,0,0,0,0,0
2789,39,1,0,0,0,0,0,0
104,5,1,0,0,0,0,0,0
2911,80,1,0,0,0,0,0,0
908,56,1,0,0,0,0,0,0
1785,82,1,0,0,0,0,0,0
3418,53,1,0,0,0,0,0,0
2274,100,1,0,0,0,0,0,0
502,72,1,0,0,0,0,0,0
3895,99,1,0,0,0,0,0,0
2477,6,1,0,0,0,0,0,0
614,71,1,0,0,0,0,0,0
507,11,1,0,0,0,0,0,0
788,51,1,0,0,0,0,0,0
1606,49,1,0,0,0,0,0,0
2179,83,1,0,0,0,0,0,0
2649,42,1,0,0,0,0,0,0
327,21,1,0,0,0,0,0,0
3576,68,1,0,0,0,0,0,0
1419,1,1,0,0,0,0,0,0
52,55,1,0,0,0,0,0,0
3509,32,1,0,0,0,0,0,0
965,30,1,0,0,0,0,0,0
615,74,1,0,0,0,0,0,0
626,79,1,0,0,0,0,0,0
2583,32,1,0,0,0,0,0,0
665,9,1,0,0,0,0,0,0
599,7,1,0,0,0,0,0,0
355,89,1,0,0,0,0,0,0
1410,52,1,0,0,0,0,0,0
1552,89,1,0,0,0,0,0,0
2806,71,1,0,0,0,0,0,0
3101,67,1,0,0,0,0,0,0
1945,57,1,0,0,0,0,0,0
852,80,1,0,0,0,0,0,0
1899,79,1,0,0,0,0,0,0
154,11,1,0,0,0,0,0,0
449,46,1,0,0,0,0,0,0
1483,77,1,0,0,0,0,0,0
1440,58,1,0,0,0,0,0,0
3252,34,1,0,0,0,0,0,0
3383,16,1,0,0,0,0,0,0
1768,1,1,0,0,0,0,0,0
2780,88,1,0,0,0,0,0,0
2566,56,1,0,0,0,0,0,0
3615,25,1,0,0,0,0,0,0
3876,53,1,0,0,0,0,0,0
2993,75,1,0,0,0,0,0,0
34,53,1,0,0,0,0,0,0
436,52,1,0,0,0,0,0,0
1272,4,1,0,0,0,0,0,0
984,80,1,0,0,0,0,0,0
1350,23,1,0,0,0,0,0,0
633,60,1,0,0,0,0,0,0
2883,72,1,0,0,0,0,0,0
2622,9,1,0,0,0,0,0,0
1948,75,1,0,0,0,0,0,0
3715,33,1,0,0,0,0,0,0
1533,59,1,0,0,0,0,0,0
634,2,1,0,0,0,0,0,0
1153,15,1,0,0,0,0,0,0
3736,34,1,0,0,0,0,0,0
1790,61,1,0,0,0,0,0,0
1660,52,1,0,0,0,0,0,0
789,70,1,0,0,0,0,0,0
3642,59,1,0,0,0,0,0,0
3890,68,1,0,0,0,0,0,0
1250,91,1,0,0,0,0,0,0
393,50,1,0,0,0,0,0,0
1760,15,1,0,0,0,0,0,0
378,12,1,0,0,0,0,0,0
3103,17,1,0,0,0,0,0,0
2737,30,1,0,0,0,0,0,0
2625,53,1,0,0,0,0,0,0
1338,50,1,0,0,0,0,0,0
838,46,1,0,0,0,0,0,0
766,62,1,0,0,0,0,0,0
246,20,1,0,0,0,0,0,0
274,82,1,0,0,0,0,0,0
1325,88,1,0,0,0,0,0,0
1378,52,1,0,0,0,0,0,0
2814,43,1,0,0,0,0,0,0
824,36,1,0,0,0,0,0,0
3043,63,1,0,0,0,0,0,0
3008,84,1,0,0,0,0,0,0
3492,89,1,0,0,0,0,0,0
3452,56,1,0,0,0,0,0,0
3222,69,1,0,0,0,0,0,0
1737,53,1,0,0,0,0,0,0
36,45,1,0,0,0,0,0,0
3557,67,1,0,0,0,0,0,0