moment_id,song_id,contribute,impression,skip,info_seen,unlock,like,favorite
147,1062,1,8,0,0,0,8,0
18,2532,1,8,0,0,0,8,0
143,857,1,8,0,0,0,8,0
143,860,1,8,0,0,0,8,0
18,831,1,8,0,0,0,8,0
12,1404,1,8,0,0,0,8,0
135,2054,1,8,0,0,0,8,0
147,92,1,8,0,0,0,8,0
18,2543,1,8,0,0,0,8,0
185,2403,1,8,0,0,0,8,0
95,996,1,8,0,0,0,8,0
115,1176,1,8,0,0,0,8,0
15,1778,1,8,0,0,0,8,0
127,24,1,8,0,0,0,8,0
6,247,1,8,0,0,0,8,0
182,1322,1,8,0,0,0,8,0
18,11,1,8,0,0,0,8,0
5,1492,1,8,0,0,0,8,0
210,2678,1,8,0,0,0,8,0
17,1070,1,8,0,0,0,8,0
4,1167,1,8,0,0,0,8,0
18,2521,1,8,0,0,0,8,0
93,3243,1,8,0,0,0,8,0
151,779,1,8,0,0,0,8,0
18,2597,1,8,0,0,0,8,0
93,1696,1,8,0,0,0,8,0
166,3176,1,8,0,0,0,8,0
105,2860,1,8,0,0,0,8,0
2,320,1,8,0,0,0,8,0
182,1308,1,8,0,0,0,8,0
182,1268,1,8,0,0,0,8,0
147,427,1,8,0,0,0,8,0
127,2291,1,8,0,0,0,8,0
127,2293,1,8,0,0,0,8,0
33,1621,1,8,0,0,0,8,0
127,1854,1,8,0,0,0,8,0
6,2099,1,8,0,0,0,8,0
26,3170,1,8,0,0,0,8,0
131,387,1,8,0,0,0,8,0
166,277,1,8,0,0,0,8,0
66,2005,1,8,0,0,0,8,0
210,2694,1,8,0,0,0,8,0
33,1603,1,8,0,0,0,8,0
1,2208,1,8,0,0,0,8,0
174,839,1,8,0,0,0,8,0
127,432,1,8,0,0,0,8,0
1,2217,1,8,0,0,0,8,0
8,508,1,8,0,0,0,8,0
1,1007,1,8,0,0,0,8,0
127,2262,1,8,0,0,0,8,0
105,457,1,8,0,0,0,8,0
6,1883,1,8,0,0,0,8,0
182,1293,1,8,0,0,0,8,0
18,2522,1,8,0,0,0,8,0
7,529,1,8,0,0,0,8,0
182,1280,1,8,0,0,0,8,0
1,680,1,8,0,0,0,8,0
10,2076,1,8,0,0,0,8,0
205,1288,1,8,0,0,0,8,0
26,3155,1,8,0,0,0,8,0
4,2171,1,8,0,0,0,8,0
127,934,1,8,0,0,0,8,0
127,2279,1,8,0,0,0,8,0
13,2229,1,8,0,0,0,8,0
22,470,1,8,0,0,0,8,0
210,223,1,8,0,0,0,8,0
66,2009,1,8,0,0,0,8,0
105,2785,1,8,0,0,0,8,0
1,1010,1,8,0,0,0,8,0
127,2704,1,8,0,0,0,8,0
25,651,1,8,0,0,0,8,0
6,2094,1,8,0,0,0,8,0
95,965,1,8,0,0,0,8,0
18,2508,1,8,0,0,0,8,0
127,1016,1,8,0,0,0,8,0
18,2549,1,8,0,0,0,8,0
18,837,1,8,0,0,0,8,0
147,2912,1,8,0,0,0,8,0
26,3122,1,8,0,0,0,8,0
20,1707,1,8,0,0,0,8,0
135,1472,1,8,0,0,0,8,0
205,1979,1,8,0,0,0,8,0
185,2384,1,8,0,0,0,8,0
147,2926,1,8,0,0,0,8,0
127,629,1,8,0,0,0,8,0
185,2444,1,8,0,0,0,8,0
31,642,1,8,0,0,0,8,0
127,2740,1,8,0,0,0,8,0
12,1401,1,8,0,0,0,8,0
166,3240,1,8,0,0,0,8,0
105,2811,1,8,0,0,0,8,0
24,653,1,8,0,0,0,8,0
166,3227,1,8,0,0,0,8,0
33,1568,1,8,0,0,0,8,0
12,1377,1,8,0,0,0,8,0
42,2308,1,8,0,0,0,8,0
4,560,1,8,0,0,0,8,0
105,2824,1,8,0,0,0,8,0
187,1220,1,8,0,0,0,8,0
151,708,1,8,0,0,0,8,0
166,3230,1,8,0,0,0,8,0
3,677,1,8,0,0,0,8,0
105,2803,1,8,0,0,0,8,0
135,1571,1,8,0,0,0,8,0
131,1945,1,8,0,0,0,8,0
46,1134,1,8,0,0,0,8,0
22,474,1,8,0,0,0,8,0
6,1897,1,8,0,0,0,8,0
12,1364,1,8,0,0,0,8,0
210,241,1,8,0,0,0,8,0
110,1333,1,8,0,0,0,8,0
5,2155,1,8,0,0,0,8,0
95,958,1,8,0,0,0,8,0
30,1328,1,8,0,0,0,8,0
26,3158,1,8,0,0,0,8,0
110,357,1,8,0,0,0,8,0
20,1732,1,8,0,0,0,8,0
18,2467,1,8,0,0,0,8,0
135,1151,1,8,0,0,0,8,0
131,396,1,8,0,0,0,8,0
18,2493,1,8,0,0,0,8,0
105,2760,1,8,0,0,0,8,0
10,730,1,8,0,0,0,8,0
23,666,1,8,0,0,0,8,0
5,1526,1,8,0,0,0,8,0
8,550,1,8,0,0,0,8,0
182,1304,1,8,0,0,0,8,0
39,1186,1,8,0,0,0,8,0
6,244,1,8,0,0,0,8,0
18,827,1,8,0,0,0,8,0
19,1833,1,8,0,0,0,8,0
110,1343,1,8,0,0,0,8,0
12,1383,1,8,0,0,0,8,0
166,197,1,8,0,0,0,8,0
20,1769,1,8,0,0,0,8,0
33,1646,1,8,0,0,0,8,0
187,1216,1,8,0,0,0,8,0
127,1076,1,8,0,0,0,8,0
105,2855,1,8,0,0,0,8,0
18,2473,1,8,0,0,0,8,0
39,1810,1,8,0,0,0,8,0
151,719,1,8,0,0,0,8,0
18,2496,1,8,0,0,0,8,0
5,2134,1,8,0,0,0,8,0
5,1853,1,8,0,0,0,8,0
18,2555,1,8,0,0,0,8,0
115,1201,1,8,0,0,0,8,0
95,943,1,8,0,0,0,8,0
135,723,1,8,0,0,0,8,0
105,2838,1,8,0,0,0,8,0
21,225,1,8,0,0,0,8,0
131,379,1,8,0,0,0,8,0
95,987,1,8,0,0,0,8,0
131,371,1,8,0,0,0,8,0
42,1177,1,8,0,0,0,8,0
95,105,1,8,0,0,0,8,0
95,35,1,8,0,0,0,8,0
3,517,1,8,0,0,0,8,0
127,2527,1,8,0,0,0,8,0
93,617,1,8,0,0,0,8,0
1,58,1,8,0,0,0,8,0
18,2469,1,8,0,0,0,8,0
31,1535,1,8,0,0,0,8,0
1,2210,1,8,0,0,0,8,0
166,189,2,8,0,0,0,8,0
6,288,1,8,0,0,0,8,0
182,1303,1,8,0,0,0,8,0
6,1880,1,8,0,0,0,8,0
147,152,1,8,0,0,0,8,0
131,1910,1,8,0,0,0,8,0
210,2641,1,8,0,0,0,8,0
26,554,1,8,0,0,0,8,0
185,2382,1,8,0,0,0,8,0
18,2495,1,8,0,0,0,8,0
10,514,1,8,0,0,0,8,0
147,1872,1,8,0,0,0,8,0
135,2058,1,8,0,0,0,8,0
151,703,1,8,0,0,0,8,0
3,2183,1,8,0,0,0,8,0
22,1697,1,8,0,0,0,8,0
143,852,1,8,0,0,0,8,0
26,3115,1,8,0,0,0,8,0
205,981,1,8,0,0,0,8,0
105,2857,1,8,0,0,0,8,0
18,2470,1,8,0,0,0,8,0
151,626,1,8,0,0,0,8,0
185,2378,1,8,0,0,0,8,0
95,976,1,8,0,0,0,8,0
110,523,1,8,0,0,0,8,0
13,2236,1,8,0,0,0,8,0
33,1593,1,8,0,0,0,8,0
5,2166,1,8,0,0,0,8,0
210,229,1,8,0,0,0,8,0
131,364,1,8,0,0,0,8,0
151,748,1,8,0,0,0,8,0
18,789,1,8,0,0,0,8,0
18,2563,1,8,0,0,0,8,0
151,9,2,8,0,0,0,8,0
66,424,1,8,0,0,0,8,0
3,2877,1,8,0,0,0,8,0
18,2575,1,8,0,0,0,8,0
131,1962,1,8,0,0,0,8,0
108,2025,1,8,0,0,0,8,0
110,1353,1,8,0,0,0,8,0
115,1182,1,8,0,0,0,8,0
12,1407,1,8,0,0,0,8,0
42,2331,1,8,0,0,0,8,0
127,1033,1,8,0,0,0,8,0
5,2145,1,8,0,0,0,8,0
210,276,1,8,0,0,0,8,0
147,968,1,8,0,0,0,8,0
18,2557,1,8,0,0,0,8,0
12,1415,1,8,0,0,0,8,0
131,1968,1,8,0,0,0,8,0
151,718,1,8,0,0,0,8,0
182,124,1,8,0,0,0,8,0
131,1965,1,8,0,0,0,8,0
147,2946,1,8,0,0,0,8,0
151,782,1,8,0,0,0,8,0
185,2273,1,8,0,0,0,8,0
30,1159,1,8,0,0,0,8,0
135,3088,1,8,0,0,0,8,0
210,235,1,8,0,0,0,8,0
12,1372,1,8,0,0,0,8,0
143,847,1,8,0,0,0,8,0
5,191,1,8,0,0,0,8,0
182,1248,1,8,0,0,0,8,0
24,1680,1,8,0,0,0,8,0
105,2794,1,8,0,0,0,8,0
135,842,1,8,0,0,0,8,0
33,520,1,8,0,0,0,8,0
18,2570,1,8,0,0,0,8,0
18,2490,1,8,0,0,0,8,0
151,749,1,8,0,0,0,8,0
110,346,2,8,0,0,0,8,0
3,865,1,8,0,0,0,8,0
93,623,1,8,0,0,0,8,0
26,1675,1,8,0,0,0,8,0
185,2358,1,8,0,0,0,8,0
151,714,1,8,0,0,0,8,0
185,2302,1,8,0,0,0,8,0
1,75,1,8,0,0,0,8,0
13,2235,1,8,0,0,0,8,0
14,20,1,8,0,0,0,8,0
33,1617,1,8,0,0,0,8,0
127,1030,1,8,0,0,0,8,0
21,221,1,8,0,0,0,8,0
12,1402,1,8,0,0,0,8,0
4,170,1,8,0,0,0,8,0
20,1251,1,8,0,0,0,8,0
210,268,1,8,0,0,0,8,0
18,2554,1,8,0,0,0,8,0
105,2853,1,8,0,0,0,8,0
20,1744,1,8,0,0,0,8,0
135,3089,1,8,0,0,0,8,0
2,592,1,8,0,0,0,8,0
166,677,4,8,0,0,0,8,0
10,1783,1,8,0,0,0,8,0
20,1751,1,8,0,0,0,8,0
127,78,1,8,0,0,0,8,0
12,1436,1,8,0,0,0,8,0
127,1100,1,8,0,0,0,8,0
210,267,1,8,0,0,0,8,0
23,667,1,8,0,0,0,8,0
108,677,1,8,0,0,0,8,0
210,1284,1,8,0,0,0,8,0
66,1996,1,8,0,0,0,8,0
110,1350,1,8,0,0,0,8,0
1,72,1,8,0,0,0,8,0
185,2383,1,8,0,0,0,8,0
131,367,1,8,0,0,0,8,0
10,520,1,8,0,0,0,8,0
205,1974,1,8,0,0,0,8,0
18,2540,1,8,0,0,0,8,0
42,170,1,8,0,0,0,8,0
6,900,1,8,0,0,0,8,0
127,94,1,8,0,0,0,8,0
127,888,1,8,0,0,0,8,0
19,1094,1,8,0,0,0,8,0
16,1807,1,8,0,0,0,8,0
26,3101,1,8,0,0,0,8,0
20,1748,1,8,0,0,0,8,0
135,3043,1,8,0,0,0,8,0
2,585,1,8,0,0,0,8,0
12,1478,1,8,0,0,0,8,0
1,1009,1,8,0,0,0,8,0
93,674,1,8,0,0,0,8,0
66,423,1,8,0,0,0,8,0
166,3202,1,8,0,0,0,8,0
22,670,1,8,0,0,0,8,0
33,1629,1,8,0,0,0,8,0
33,1647,1,8,0,0,0,8,0
131,368,1,8,0,0,0,8,0
135,3079,1,8,0,0,0,8,0
108,2035,1,8,0,0,0,8,0
210,2651,1,8,0,0,0,8,0
23,658,1,8,0,0,0,8,0
182,1250,1,8,0,0,0,8,0
185,2274,1,8,0,0,0,8,0
127,1050,1,8,0,0,0,8,0
5,520,1,8,0,0,0,8,0
12,1512,1,8,0,0,0,8,0
76,1124,1,8,0,0,0,8,0
210,2697,1,8,0,0,0,8,0
135,3035,1,8,0,0,0,8,0
42,2316,1,8,0,0,0,8,0
95,207,1,8,0,0,0,8,0
42,1474,1,8,0,0,0,8,0
12,1357,1,8,0,0,0,8,0
127,914,1,8,0,0,0,8,0
210,2699,1,8,0,0,0,8,0
13,2228,1,8,0,0,0,8,0
147,2224,1,8,0,0,0,8,0
18,2492,1,8,0,0,0,8,0
205,1986,1,8,0,0,0,8,0
20,1738,1,8,0,0,0,8,0
182,1271,1,8,0,0,0,8,0
20,515,1,8,0,0,0,8,0
42,2299,1,8,0,0,0,8,0
210,2672,1,8,0,0,0,8,0
95,985,1,8,0,0,0,8,0
6,2090,1,8,0,0,0,8,0
143,869,1,8,0,0,0,8,0
24,1689,1,8,0,0,0,8,0
3,2174,1,8,0,0,0,8,0
26,1452,1,8,0,0,0,8,0
19,1228,1,8,0,0,0,8,0
66,2013,1,8,0,0,0,8,0
6,1885,1,8,0,0,0,8,0
127,1096,1,8,0,0,0,8,0
38,1522,1,8,0,0,0,8,0
143,883,1,8,0,0,0,8,0
12,133,1,8,0,0,0,8,0
127,2296,1,8,0,0,0,8,0
1,15,1,8,0,0,0,8,0
93,611,3,8,0,0,0,8,0
33,1612,1,8,0,0,0,8,0
210,248,1,8,0,0,0,8,0
20,1747,1,8,0,0,0,8,0
42,2061,1,8,0,0,0,8,0
76,1128,1,8,0,0,0,8,0
166,3222,1,8,0,0,0,8,0
3,2180,1,8,0,0,0,8,0
20,1724,1,8,0,0,0,8,0
18,2507,1,8,0,0,0,8,0
2,95,1,8,0,0,0,8,0
93,451,1,8,0,0,0,8,0
187,1213,1,8,0,0,0,8,0
121,2632,1,8,0,0,0,8,0
121,2606,1,8,0,0,0,8,0
26,3149,1,8,0,0,0,8,0
12,120,1,8,0,0,0,8,0
166,3215,1,8,0,0,0,8,0
110,1337,1,8,0,0,0,8,0
12,1449,1,8,0,0,0,8,0
127,928,1,8,0,0,0,8,0
135,724,1,8,0,0,0,8,0
66,1988,1,8,0,0,0,8,0
210,282,1,8,0,0,0,8,0
131,1913,1,8,0,0,0,8,0
26,732,4,8,0,0,0,8,0
6,296,1,8,0,0,0,8,0
166,3179,1,8,0,0,0,8,0
127,2725,1,8,0,0,0,8,0
24,947,1,8,0,0,0,8,0
185,2343,1,8,0,0,0,8,0
185,2428,1,8,0,0,0,8,0
20,1729,1,8,0,0,0,8,0
26,3103,1,8,0,0,0,8,0
5,2150,1,8,0,0,0,8,0
210,286,1,8,0,0,0,8,0
18,2477,1,8,0,0,0,8,0
18,2501,1,8,0,0,0,8,0
131,382,1,8,0,0,0,8,0
174,843,1,8,0,0,0,8,0
26,1671,1,8,0,0,0,8,0
182,1292,1,8,0,0,0,8,0
26,3146,1,8,0,0,0,8,0
5,1472,2,8,0,0,0,8,0
28,1823,1,8,0,0,0,8,0
110,1331,1,8,0,0,0,8,0
1,62,1,8,0,0,0,8,0
210,233,1,8,0,0,0,8,0
18,2534,1,8,0,0,0,8,0
23,665,1,8,0,0,0,8,0
147,122,2,8,0,0,0,8,0
115,1183,1,8,0,0,0,8,0
115,1171,1,8,0,0,0,8,0
30,1157,1,8,0,0,0,8,0
121,514,1,8,0,0,0,8,0
205,677,1,8,0,0,0,8,0
66,1989,1,8,0,0,0,8,0
1,2213,1,8,0,0,0,8,0
2,2202,1,8,0,0,0,8,0
210,2655,1,8,0,0,0,8,0
26,3104,1,8,0,0,0,8,0
42,2335,1,8,0,0,0,8,0
135,2067,1,8,0,0,0,8,0
185,2454,1,8,0,0,0,8,0
135,2962,1,8,0,0,0,8,0
185,2442,1,8,0,0,0,8,0
115,1191,1,8,0,0,0,8,0
18,2562,1,8,0,0,0,8,0
131,1953,1,8,0,0,0,8,0
185,2406,1,8,0,0,0,8,0
18,807,1,8,0,0,0,8,0
127,2746,1,8,0,0,0,8,0
135,1160,1,8,0,0,0,8,0
20,1767,1,8,0,0,0,8,0
127,1531,1,8,0,0,0,8,0
22,479,1,8,0,0,0,8,0
182,1291,1,8,0,0,0,8,0
18,823,1,8,0,0,0,8,0
3,2887,1,8,0,0,0,8,0
30,1160,1,8,0,0,0,8,0
93,615,1,8,0,0,0,8,0
5,2089,1,8,0,0,0,8,0
2,1229,1,8,0,0,0,8,0
185,2439,1,8,0,0,0,8,0
143,336,1,8,0,0,0,8,0
26,3165,1,8,0,0,0,8,0
127,2288,1,8,0,0,0,8,0
185,2368,1,8,0,0,0,8,0
12,1393,1,8,0,0,0,8,0
18,2599,1,8,0,0,0,8,0
2,1291,1,8,0,0,0,8,0
182,1194,1,8,0,0,0,8,0
22,1702,1,8,0,0,0,8,0
10,1780,1,8,0,0,0,8,0
12,1452,1,8,0,0,0,8,0
20,1697,1,8,0,0,0,8,0
26,3171,1,8,0,0,0,8,0
151,765,1,8,0,0,0,8,0
93,129,1,8,0,0,0,8,0
147,835,1,8,0,0,0,8,0
33,1576,1,8,0,0,0,8,0
26,3148,1,8,0,0,0,8,0
22,1484,1,8,0,0,0,8,0
182,1247,1,8,0,0,0,8,0
147,12,1,8,0,0,0,8,0
22,501,1,8,0,0,0,8,0
20,1745,1,8,0,0,0,8,0
135,1157,1,8,0,0,0,8,0
151,8,1,8,0,0,0,8,0
166,3175,1,8,0,0,0,8,0
185,2375,1,8,0,0,0,8,0
127,1031,1,8,0,0,0,8,0
105,2807,1,8,0,0,0,8,0
131,1970,1,8,0,0,0,8,0
210,250,1,8,0,0,0,8,0
26,3166,1,8,0,0,0,8,0
93,1315,1,8,0,0,0,8,0
5,2095,1,8,0,0,0,8,0
95,969,1,8,0,0,0,8,0
24,1678,1,8,0,0,0,8,0
127,900,1,8,0,0,0,8,0
135,3078,1,8,0,0,0,8,0
18,2460,1,8,0,0,0,8,0
210,220,1,8,0,0,0,8,0
95,205,1,8,0,0,0,8,0
166,3194,1,8,0,0,0,8,0
5,2151,1,8,0,0,0,8,0
127,240,1,8,0,0,0,8,0
143,858,1,8,0,0,0,8,0
127,1064,1,8,0,0,0,8,0
147,2929,1,8,0,0,0,8,0
95,954,1,8,0,0,0,8,0
127,79,1,8,0,0,0,8,0
2,1129,1,8,0,0,0,8,0
12,1162,1,8,0,0,0,8,0
121,2612,1,8,0,0,0,8,0
147,2915,1,8,0,0,0,8,0
151,711,1,8,0,0,0,8,0
115,1204,1,8,0,0,0,8,0
5,1177,1,8,0,0,0,8,0
135,3067,1,8,0,0,0,8,0
18,815,1,8,0,0,0,8,0
127,926,1,8,0,0,0,8,0
210,2696,1,8,0,0,0,8,0
1,1332,1,8,0,0,0,8,0
28,1831,1,8,0,0,0,8,0
166,3204,1,8,0,0,0,8,0
105,731,1,8,0,0,0,8,0
24,654,1,8,0,0,0,8,0
5,2141,1,8,0,0,0,8,0
26,3125,1,8,0,0,0,8,0
33,1656,1,8,0,0,0,8,0
22,497,1,8,0,0,0,8,0
95,963,1,8,0,0,0,8,0
127,2731,1,8,0,0,0,8,0
210,261,1,8,0,0,0,8,0
105,2795,1,8,0,0,0,8,0
26,120,1,8,0,0,0,8,0
205,1975,1,8,0,0,0,8,0
18,2552,1,8,0,0,0,8,0
18,805,1,8,0,0,0,8,0
147,2906,1,8,0,0,0,8,0
151,721,1,8,0,0,0,8,0
185,2347,2,8,0,0,0,8,0
29,1546,1,8,0,0,0,8,0
127,1117,1,8,0,0,0,8,0
135,2047,1,8,0,0,0,8,0
135,115,1,8,0,0,0,8,0
18,2539,1,8,0,0,0,8,0
33,1619,1,8,0,0,0,8,0
18,2483,1,8,0,0,0,8,0
2,305,1,8,0,0,0,8,0
18,2547,1,8,0,0,0,8,0
42,2304,1,8,0,0,0,8,0
185,2405,2,8,0,0,0,8,0
22,482,1,8,0,0,0,8,0
6,2085,1,8,0,0,0,8,0
127,90,1,8,0,0,0,8,0
12,1425,1,8,0,0,0,8,0
135,1159,1,8,0,0,0,8,0
95,977,1,8,0,0,0,8,0
121,2624,1,8,0,0,0,8,0
127,1099,1,8,0,0,0,8,0
1,54,1,8,0,0,0,8,0
42,2309,1,8,0,0,0,8,0
18,2510,1,8,0,0,0,8,0
135,3019,1,8,0,0,0,8,0
105,118,1,8,0,0,0,8,0
18,2476,1,8,0,0,0,8,0
18,2548,1,8,0,0,0,8,0
40,1520,1,8,0,0,0,8,0
147,851,1,8,0,0,0,8,0
166,179,1,8,0,0,0,8,0
93,2952,1,8,0,0,0,8,0
33,1606,1,8,0,0,0,8,0
135,2052,1,8,0,0,0,8,0
127,1219,2,8,0,0,0,8,0
105,2779,1,8,0,0,0,8,0
33,1669,1,8,0,0,0,8,0
127,929,2,8,0,0,0,8,0
105,2856,1,8,0,0,0,8,0
5,2124,1,8,0,0,0,8,0
33,1636,1,8,0,0,0,8,0
26,170,1,8,0,0,0,8,0
26,173,1,8,0,0,0,8,0
22,504,1,8,0,0,0,8,0
42,2300,1,8,0,0,0,8,0
110,353,1,8,0,0,0,8,0
6,240,1,8,0,0,0,8,0
19,1837,1,8,0,0,0,8,0
147,445,1,8,0,0,0,8,0
147,1306,2,8,0,0,0,8,0
127,1917,1,8,0,0,0,8,0
18,2589,1,8,0,0,0,8,0
33,1596,1,8,0,0,0,8,0
166,2007,1,8,0,0,0,8,0
10,2072,1,8,0,0,0,8,0
3,2892,1,8,0,0,0,8,0
147,2913,1,8,0,0,0,8,0
3,2575,1,8,0,0,0,8,0
135,726,1,8,0,0,0,8,0
40,3246,1,8,0,0,0,8,0
127,1046,1,8,0,0,0,8,0
135,437,1,8,0,0,0,8,0
22,498,1,8,0,0,0,8,0
187,1219,1,8,0,0,0,8,0
127,2673,1,8,0,0,0,8,0
12,1362,1,8,0,0,0,8,0
14,1789,1,8,0,0,0,8,0
33,1626,1,8,0,0,0,8,0
95,998,1,8,0,0,0,8,0
166,1192,1,8,0,0,0,8,0
18,2480,1,8,0,0,0,8,0
127,1017,1,8,0,0,0,8,0
105,129,1,8,0,0,0,8,0
182,1235,1,8,0,0,0,8,0
18,2363,1,8,0,0,0,8,0
1,2206,1,8,0,0,0,8,0
143,880,1,8,0,0,0,8,0
105,2834,1,8,0,0,0,8,0
12,132,1,8,0,0,0,8,0
26,1223,1,8,0,0,0,8,0
95,975,1,8,0,0,0,8,0
5,2106,1,8,0,0,0,8,0
12,1434,1,8,0,0,0,8,0
4,565,1,8,0,0,0,8,0
121,2614,1,8,0,0,0,8,0
135,2065,1,8,0,0,0,8,0
95,948,1,8,0,0,0,8,0
210,17,1,8,0,0,0,8,0
147,2531,1,8,0,0,0,8,0
31,1534,1,8,0,0,0,8,0
105,2828,1,8,0,0,0,8,0
166,3173,1,8,0,0,0,8,0
27,187,1,8,0,0,0,8,0
182,1305,1,8,0,0,0,8,0
25,650,1,8,0,0,0,8,0
127,1014,1,8,0,0,0,8,0
22,467,1,8,0,0,0,8,0
11,509,1,8,0,0,0,8,0
166,3182,1,8,0,0,0,8,0
6,2089,1,8,0,0,0,8,0
4,566,1,8,0,0,0,8,0
5,2108,1,8,0,0,0,8,0
147,2908,1,8,0,0,0,8,0
33,1591,1,8,0,0,0,8,0
1,2212,1,8,0,0,0,8,0
127,920,1,8,0,0,0,8,0
95,949,1,8,0,0,0,8,0
17,381,1,8,0,0,0,8,0
18,195,1,8,0,0,0,8,0
12,621,1,8,0,0,0,8,0
210,239,1,8,0,0,0,8,0
185,2361,2,8,0,0,0,8,0
26,1161,1,8,0,0,0,8,0
147,1873,1,8,0,0,0,8,0
6,1904,1,8,0,0,0,8,0
205,728,1,8,0,0,0,8,0
26,3124,1,8,0,0,0,8,0
3,2175,1,8,0,0,0,8,0
12,1455,1,8,0,0,0,8,0
42,2337,1,8,0,0,0,8,0
26,167,1,8,0,0,0,8,0
19,1835,1,8,0,0,0,8,0
23,657,1,8,0,0,0,8,0
131,1921,1,8,0,0,0,8,0
5,508,1,8,0,0,0,8,0
12,994,1,8,0,0,0,8,0
110,1348,1,8,0,0,0,8,0
26,3163,1,8,0,0,0,8,0
210,255,1,8,0,0,0,8,0
115,1166,1,8,0,0,0,8,0
182,898,1,8,0,0,0,8,0
121,2617,1,8,0,0,0,8,0
29,1541,1,8,0,0,0,8,0
3,2193,1,8,0,0,0,8,0
33,1159,1,8,0,0,0,8,0
22,674,1,8,0,0,0,8,0
12,1429,1,8,0,0,0,8,0
127,1084,1,8,0,0,0,8,0
210,2681,1,8,0,0,0,8,0
210,275,1,8,0,0,0,8,0
33,1556,1,8,0,0,0,8,0
131,1908,1,8,0,0,0,8,0
135,722,1,8,0,0,0,8,0
143,21,1,8,0,0,0,8,0
42,2312,1,8,0,0,0,8,0
110,337,1,8,0,0,0,8,0
127,1441,1,8,0,0,0,8,0
115,1196,1,8,0,0,0,8,0
6,988,1,8,0,0,0,8,0
18,2601,1,8,0,0,0,8,0
20,432,1,8,0,0,0,8,0
26,3123,1,8,0,0,0,8,0
182,126,1,8,0,0,0,8,0
151,786,1,8,0,0,0,8,0
12,1355,1,8,0,0,0,8,0
210,2652,1,8,0,0,0,8,0
5,367,1,8,0,0,0,8,0
185,2416,1,8,0,0,0,8,0
18,678,1,8,0,0,0,8,0
5,2128,1,8,0,0,0,8,0
135,1145,1,8,0,0,0,8,0
127,931,1,8,0,0,0,8,0
93,1447,1,8,0,0,0,8,0
127,927,1,8,0,0,0,8,0
105,2793,1,8,0,0,0,8,0
127,2347,1,8,0,0,0,8,0
30,118,1,8,0,0,0,8,0
151,5,2,8,0,0,0,8,0
127,607,1,8,0,0,0,8,0
147,912,1,8,0,0,0,8,0
105,2826,1,8,0,0,0,8,0
76,113,1,8,0,0,0,8,0
185,2425,1,8,0,0,0,8,0
26,629,1,8,0,0,0,8,0
22,460,1,8,0,0,0,8,0
12,1388,1,8,0,0,0,8,0
5,2098,1,8,0,0,0,8,0
127,2745,1,8,0,0,0,8,0
26,3108,1,8,0,0,0,8,0
21,224,1,8,0,0,0,8,0
166,3217,1,8,0,0,0,8,0
20,1709,1,8,0,0,0,8,0
93,2955,1,8,0,0,0,8,0
4,571,1,8,0,0,0,8,0
38,1070,1,8,0,0,0,8,0
23,324,1,8,0,0,0,8,0
93,2842,1,8,0,0,0,8,0
14,1794,1,8,0,0,0,8,0
151,733,1,8,0,0,0,8,0
30,1514,1,8,0,0,0,8,0
127,600,1,8,0,0,0,8,0
12,1462,1,8,0,0,0,8,0
127,2274,1,8,0,0,0,8,0
127,2716,1,8,0,0,0,8,0
93,2961,1,8,0,0,0,8,0
5,2163,1,8,0,0,0,8,0
26,709,1,8,0,0,0,8,0
135,3044,1,8,0,0,0,8,0
166,3212,1,8,0,0,0,8,0
18,2537,1,8,0,0,0,8,0
39,571,1,8,0,0,0,8,0
108,440,1,8,0,0,0,8,0
185,1427,1,8,0,0,0,8,0
30,710,1,8,0,0,0,8,0
127,1851,1,8,0,0,0,8,0
185,2276,1,8,0,0,0,8,0
31,643,1,8,0,0,0,8,0
127,2276,1,8,0,0,0,8,0
95,171,1,8,0,0,0,8,0
127,1074,1,8,0,0,0,8,0
127,909,1,8,0,0,0,8,0
12,1464,1,8,0,0,0,8,0
143,862,1,8,0,0,0,8,0
2,299,1,8,0,0,0,8,0
127,1041,1,8,0,0,0,8,0
185,414,1,8,0,0,0,8,0
127,2721,1,8,0,0,0,8,0
38,1524,1,8,0,0,0,8,0
127,1697,1,8,0,0,0,8,0
26,3128,1,8,0,0,0,8,0
26,165,1,8,0,0,0,8,0
127,608,1,8,0,0,0,8,0
27,1550,1,8,0,0,0,8,0
22,1491,1,8,0,0,0,8,0
127,1116,1,8,0,0,0,8,0
105,2765,1,8,0,0,0,8,0
143,871,1,8,0,0,0,8,0
127,81,1,8,0,0,0,8,0
42,2325,1,8,0,0,0,8,0
95,951,1,8,0,0,0,8,0
95,994,1,8,0,0,0,8,0
1,2211,1,8,0,0,0,8,0
135,3020,1,8,0,0,0,8,0
6,2093,1,8,0,0,0,8,0
5,2129,1,8,0,0,0,8,0
182,127,1,8,0,0,0,8,0
147,2905,1,8,0,0,0,8,0
20,1719,1,8,0,0,0,8,0
93,806,1,8,0,0,0,8,0
18,2566,1,8,0,0,0,8,0
95,31,2,8,0,0,0,8,0
131,1915,1,8,0,0,0,8,0
26,3126,1,8,0,0,0,8,0
12,1384,1,8,0,0,0,8,0
131,386,1,8,0,0,0,8,0
131,397,1,8,0,0,0,8,0
11,694,1,8,0,0,0,8,0
41,131,1,8,0,0,0,8,0
127,1850,1,8,0,0,0,8,0
33,1562,1,8,0,0,0,8,0
18,2535,1,8,0,0,0,8,0
12,1354,1,8,0,0,0,8,0
147,144,1,8,0,0,0,8,0
127,201,1,8,0,0,0,8,0
127,1092,1,8,0,0,0,8,0
5,2157,1,8,0,0,0,8,0
6,1896,1,8,0,0,0,8,0
18,791,1,8,0,0,0,8,0
127,1073,1,8,0,0,0,8,0
1,2216,1,8,0,0,0,8,0
105,2782,1,8,0,0,0,8,0
127,2701,1,8,0,0,0,8,0
121,3241,1,8,0,0,0,8,0
12,1390,1,8,0,0,0,8,0
210,2648,1,8,0,0,0,8,0
127,2752,1,8,0,0,0,8,0
5,2120,1,8,0,0,0,8,0
105,2868,1,8,0,0,0,8,0
42,2326,1,8,0,0,0,8,0
3,2885,1,8,0,0,0,8,0
147,2904,1,8,0,0,0,8,0
210,274,1,8,0,0,0,8,0
12,1466,1,8,0,0,0,8,0
131,1912,1,8,0,0,0,8,0
115,1206,1,8,0,0,0,8,0
12,1386,1,8,0,0,0,8,0
135,1163,1,8,0,0,0,8,0
20,1761,1,8,0,0,0,8,0
110,351,1,8,0,0,0,8,0
18,2506,1,8,0,0,0,8,0
151,767,1,8,0,0,0,8,0
66,2015,1,8,0,0,0,8,0
8,2084,1,8,0,0,0,8,0
93,620,1,8,0,0,0,8,0
18,2485,1,8,0,0,0,8,0
2,313,1,8,0,0,0,8,0
17,1798,1,8,0,0,0,8,0
105,2863,1,8,0,0,0,8,0
115,1184,1,8,0,0,0,8,0
4,131,1,8,0,0,0,8,0
15,1780,1,8,0,0,0,8,0
127,2710,1,8,0,0,0,8,0
105,2835,1,8,0,0,0,8,0
66,865,1,8,0,0,0,8,0
105,2836,1,8,0,0,0,8,0
147,1863,1,8,0,0,0,8,0
185,2433,1,8,0,0,0,8,0
11,1,1,8,0,0,0,8,0
105,452,1,8,0,0,0,8,0
12,1438,1,8,0,0,0,8,0
105,2844,1,8,0,0,0,8,0
3,2880,1,8,0,0,0,8,0
93,2966,1,8,0,0,0,8,0
185,416,1,8,0,0,0,8,0
10,1782,1,8,0,0,0,8,0
182,1284,1,8,0,0,0,8,0
105,2196,3,8,0,0,0,8,0
95,3245,1,8,0,0,0,8,0
166,3216,1,8,0,0,0,8,0
13,693,1,8,0,0,0,8,0
182,1316,1,8,0,0,0,8,0
108,2026,1,8,0,0,0,8,0
135,1161,2,8,0,0,0,8,0
1,1003,1,8,0,0,0,8,0
210,259,1,8,0,0,0,8,0
66,2011,1,8,0,0,0,8,0
40,1516,1,8,0,0,0,8,0
23,1695,1,8,0,0,0,8,0
12,1410,1,8,0,0,0,8,0
95,941,1,8,0,0,0,8,0
110,350,1,8,0,0,0,8,0
210,244,1,8,0,0,0,8,0
12,1465,1,8,0,0,0,8,0
135,2991,1,8,0,0,0,8,0
135,3006,1,8,0,0,0,8,0
95,41,1,8,0,0,0,8,0
5,171,1,8,0,0,0,8,0
127,2700,1,8,0,0,0,8,0
105,2776,1,8,0,0,0,8,0
42,171,2,8,0,0,0,8,0
182,1313,1,8,0,0,0,8,0
135,3092,1,8,0,0,0,8,0
18,2594,1,8,0,0,0,8,0
210,2687,1,8,0,0,0,8,0
151,735,1,8,0,0,0,8,0
127,2729,1,8,0,0,0,8,0
6,554,1,8,0,0,0,8,0
66,1995,1,8,0,0,0,8,0
28,1819,1,8,0,0,0,8,0
18,2553,1,8,0,0,0,8,0
26,3102,1,8,0,0,0,8,0
6,243,1,8,0,0,0,8,0
210,285,1,8,0,0,0,8,0
147,426,1,8,0,0,0,8,0
2,587,1,8,0,0,0,8,0
26,3167,1,8,0,0,0,8,0
8,549,1,8,0,0,0,8,0
147,2923,1,8,0,0,0,8,0
143,22,1,8,0,0,0,8,0
5,2114,1,8,0,0,0,8,0
6,1884,1,8,0,0,0,8,0
187,1210,1,8,0,0,0,8,0
135,118,1,8,0,0,0,8,0
127,1039,1,8,0,0,0,8,0
105,2832,1,8,0,0,0,8,0
5,696,1,8,0,0,0,8,0
210,54,1,8,0,0,0,8,0
127,918,1,8,0,0,0,8,0
105,2842,1,8,0,0,0,8,0
182,129,1,8,0,0,0,8,0
166,194,1,8,0,0,0,8,0
12,1419,1,8,0,0,0,8,0
24,1679,1,8,0,0,0,8,0
115,1203,1,8,0,0,0,8,0
38,1526,1,8,0,0,0,8,0
185,2277,1,8,0,0,0,8,0
135,32,1,8,0,0,0,8,0
5,558,1,8,0,0,0,8,0
110,1346,1,8,0,0,0,8,0
6,1889,1,8,0,0,0,8,0
18,824,1,8,0,0,0,8,0
205,420,1,8,0,0,0,8,0
28,994,1,8,0,0,0,8,0
66,2017,1,8,0,0,0,8,0
110,347,1,8,0,0,0,8,0
166,3181,1,8,0,0,0,8,0
127,1108,1,8,0,0,0,8,0
185,2450,1,8,0,0,0,8,0
22,487,1,8,0,0,0,8,0
135,3048,1,8,0,0,0,8,0
182,1264,1,8,0,0,0,8,0
135,3017,1,8,0,0,0,8,0
151,731,1,8,0,0,0,8,0
105,2813,1,8,0,0,0,8,0
18,2544,1,8,0,0,0,8,0
105,54,1,8,0,0,0,8,0
166,3231,1,8,0,0,0,8,0
166,3184,1,8,0,0,0,8,0
42,2307,1,8,0,0,0,8,0
135,802,1,8,0,0,0,8,0
6,292,1,8,0,0,0,8,0
11,1514,1,8,0,0,0,8,0
20,1731,1,8,0,0,0,8,0
108,512,1,8,0,0,0,8,0
95,968,1,8,0,0,0,8,0
151,766,1,8,0,0,0,8,0
127,1022,1,8,0,0,0,8,0
185,2429,1,8,0,0,0,8,0
28,1826,1,8,0,0,0,8,0
147,1860,1,8,0,0,0,8,0
20,865,1,8,0,0,0,8,0
5,2158,1,8,0,0,0,8,0
33,1630,1,8,0,0,0,8,0
105,2805,1,8,0,0,0,8,0
210,263,1,8,0,0,0,8,0
95,984,1,8,0,0,0,8,0
135,3097,1,8,0,0,0,8,0
2,1232,1,8,0,0,0,8,0
135,3244,1,8,0,0,0,8,0
115,1167,1,8,0,0,0,8,0
166,1319,1,8,0,0,0,8,0
151,769,1,8,0,0,0,8,0
135,3013,1,8,0,0,0,8,0
147,2914,1,8,0,0,0,8,0
210,2653,1,8,0,0,0,8,0
6,1895,1,8,0,0,0,8,0
121,433,1,8,0,0,0,8,0
182,1327,1,8,0,0,0,8,0
1,1120,1,8,0,0,0,8,0
127,2713,1,8,0,0,0,8,0
5,2159,1,8,0,0,0,8,0
135,1094,1,8,0,0,0,8,0
42,2327,1,8,0,0,0,8,0
135,1429,1,8,0,0,0,8,0
33,1665,1,8,0,0,0,8,0
108,616,1,8,0,0,0,8,0
5,2140,1,8,0,0,0,8,0
185,415,1,8,0,0,0,8,0
76,1120,1,8,0,0,0,8,0
18,819,1,8,0,0,0,8,0
40,1517,1,8,0,0,0,8,0
135,2053,1,8,0,0,0,8,0
105,1288,1,8,0,0,0,8,0
127,1110,1,8,0,0,0,8,0
115,1170,1,8,0,0,0,8,0
210,283,1,8,0,0,0,8,0
143,884,1,8,0,0,0,8,0
20,1736,1,8,0,0,0,8,0
185,2355,1,8,0,0,0,8,0
33,1554,1,8,0,0,0,8,0
13,2225,1,8,0,0,0,8,0
131,1918,1,8,0,0,0,8,0
182,1219,1,8,0,0,0,8,0
33,1668,1,8,0,0,0,8,0
127,940,1,8,0,0,0,8,0
147,336,1,8,0,0,0,8,0
135,3022,1,8,0,0,0,8,0
18,820,1,8,0,0,0,8,0
210,2646,1,8,0,0,0,8,0
151,761,1,8,0,0,0,8,0
20,1766,1,8,0,0,0,8,0
151,741,1,8,0,0,0,8,0
2,318,1,8,0,0,0,8,0
23,655,1,8,0,0,0,8,0
5,2097,1,8,0,0,0,8,0
210,257,1,8,0,0,0,8,0
2,98,1,8,0,0,0,8,0
18,2588,1,8,0,0,0,8,0
18,2523,1,8,0,0,0,8,0
26,3119,1,8,0,0,0,8,0
18,681,1,8,0,0,0,8,0
40,1515,1,8,0,0,0,8,0
127,1097,1,8,0,0,0,8,0
18,2542,1,8,0,0,0,8,0
182,1262,1,8,0,0,0,8,0
33,1575,1,8,0,0,0,8,0
131,1926,1,8,0,0,0,8,0
10,1781,1,8,0,0,0,8,0
33,1553,1,8,0,0,0,8,0
5,1452,1,8,0,0,0,8,0
135,3045,1,8,0,0,0,8,0
127,2298,1,8,0,0,0,8,0
185,413,1,8,0,0,0,8,0
2,323,1,8,0,0,0,8,0
3,2189,1,8,0,0,0,8,0
105,898,1,8,0,0,0,8,0
5,759,1,8,0,0,0,8,0
10,519,1,8,0,0,0,8,0
185,2435,1,8,0,0,0,8,0
115,120,1,8,0,0,0,8,0
66,2000,1,8,0,0,0,8,0
20,1743,1,8,0,0,0,8,0
10,2071,1,8,0,0,0,8,0
135,3025,1,8,0,0,0,8,0
210,219,1,8,0,0,0,8,0
166,3190,1,8,0,0,0,8,0
185,404,1,8,0,0,0,8,0
110,326,1,8,0,0,0,8,0
6,555,1,8,0,0,0,8,0
147,2921,1,8,0,0,0,8,0
5,2092,1,8,0,0,0,8,0
210,2675,1,8,0,0,0,8,0
18,829,1,8,0,0,0,8,0
19,1842,1,8,0,0,0,8,0
93,2975,1,8,0,0,0,8,0
147,2938,1,8,0,0,0,8,0
147,1448,1,8,0,0,0,8,0
95,999,1,8,0,0,0,8,0
147,1525,1,8,0,0,0,8,0
12,1363,1,8,0,0,0,8,0
135,201,1,8,0,0,0,8,0
110,355,1,8,0,0,0,8,0
46,110,1,8,0,0,0,8,0
151,781,1,8,0,0,0,8,0
13,2226,1,8,0,0,0,8,0
210,2642,1,8,0,0,0,8,0
12,1450,1,8,0,0,0,8,0
26,2708,1,8,0,0,0,8,0
127,2248,1,8,0,0,0,8,0
21,226,1,8,0,0,0,8,0
185,2376,1,8,0,0,0,8,0
33,1585,1,8,0,0,0,8,0
135,1563,1,8,0,0,0,8,0
7,540,1,8,0,0,0,8,0
151,758,1,8,0,0,0,8,0
1,135,1,8,0,0,0,8,0
18,2560,1,8,0,0,0,8,0
18,795,1,8,0,0,0,8,0
127,933,1,8,0,0,0,8,0
105,2799,1,8,0,0,0,8,0
143,885,1,8,0,0,0,8,0
135,117,1,8,0,0,0,8,0
143,16,1,8,0,0,0,8,0
143,868,1,8,0,0,0,8,0
11,3,1,8,0,0,0,8,0
18,679,1,8,0,0,0,8,0
127,937,1,8,0,0,0,8,0
42,2321,1,8,0,0,0,8,0
127,606,1,8,0,0,0,8,0
12,135,1,8,0,0,0,8,0
5,1318,1,8,0,0,0,8,0
12,1459,1,8,0,0,0,8,0
6,294,1,8,0,0,0,8,0
29,1540,1,8,0,0,0,8,0
13,2227,1,8,0,0,0,8,0
38,1529,1,8,0,0,0,8,0
26,169,1,8,0,0,0,8,0
127,1098,1,8,0,0,0,8,0
12,1395,1,8,0,0,0,8,0
108,438,1,8,0,0,0,8,0
210,256,1,8,0,0,0,8,0
127,921,1,8,0,0,0,8,0
131,284,1,8,0,0,0,8,0
127,2259,1,8,0,0,0,8,0
26,3129,1,8,0,0,0,8,0
33,365,1,8,0,0,0,8,0
95,209,1,8,0,0,0,8,0
182,1255,1,8,0,0,0,8,0
185,2352,1,8,0,0,0,8,0
18,804,1,8,0,0,0,8,0
127,1853,1,8,0,0,0,8,0
33,1632,1,8,0,0,0,8,0
13,690,1,8,0,0,0,8,0
2,2198,1,8,0,0,0,8,0
42,2305,1,8,0,0,0,8,0
108,443,1,8,0,0,0,8,0
95,40,1,8,0,0,0,8,0
18,2580,1,8,0,0,0,8,0
95,34,1,8,0,0,0,8,0
166,3238,1,8,0,0,0,8,0
27,632,1,8,0,0,0,8,0
210,2647,1,8,0,0,0,8,0
18,2484,1,8,0,0,0,8,0
32,1531,1,8,0,0,0,8,0
147,2940,1,8,0,0,0,8,0
6,239,1,8,0,0,0,8,0
12,1431,1,8,0,0,0,8,0
127,1075,1,8,0,0,0,8,0
185,2381,1,8,0,0,0,8,0
18,2474,1,8,0,0,0,8,0
18,2497,1,8,0,0,0,8,0
33,1622,1,8,0,0,0,8,0
23,662,1,8,0,0,0,8,0
127,2748,1,8,0,0,0,8,0
22,1494,1,8,0,0,0,8,0
210,2692,1,8,0,0,0,8,0
2,100,1,8,0,0,0,8,0
210,2689,1,8,0,0,0,8,0
182,805,1,8,0,0,0,8,0
6,1879,1,8,0,0,0,8,0
5,2110,1,8,0,0,0,8,0
151,754,1,8,0,0,0,8,0
166,3197,1,8,0,0,0,8,0
5,559,1,8,0,0,0,8,0
7,1444,1,8,0,0,0,8,0
127,625,1,8,0,0,0,8,0
127,1114,1,8,0,0,0,8,0
182,1306,1,8,0,0,0,8,0
20,1771,1,8,0,0,0,8,0
135,3076,1,8,0,0,0,8,0
143,20,1,8,0,0,0,8,0
135,3064,1,8,0,0,0,8,0
27,631,1,8,0,0,0,8,0
20,1715,1,8,0,0,0,8,0
2,2197,1,8,0,0,0,8,0
20,1714,1,8,0,0,0,8,0
151,785,1,8,0,0,0,8,0
166,193,1,8,0,0,0,8,0
151,770,1,8,0,0,0,8,0
121,2609,1,8,0,0,0,8,0
1,1002,1,8,0,0,0,8,0
127,1071,1,8,0,0,0,8,0
105,2767,1,8,0,0,0,8,0
12,1424,1,8,0,0,0,8,0
127,2282,1,8,0,0,0,8,0
135,2060,1,8,0,0,0,8,0
26,1210,1,8,0,0,0,8,0
121,432,1,8,0,0,0,8,0
18,2475,1,8,0,0,0,8,0
33,1551,1,8,0,0,0,8,0
185,2345,2,8,0,0,0,8,0
110,1335,1,8,0,0,0,8,0
33,1631,1,8,0,0,0,8,0
135,3007,1,8,0,0,0,8,0
4,575,1,8,0,0,0,8,0
66,421,1,8,0,0,0,8,0
33,1592,1,8,0,0,0,8,0
95,989,1,8,0,0,0,8,0
185,2437,1,8,0,0,0,8,0
5,2167,1,8,0,0,0,8,0
4,574,1,8,0,0,0,8,0
127,899,1,8,0,0,0,8,0
7,539,1,8,0,0,0,8,0
127,1081,1,8,0,0,0,8,0
11,508,1,8,0,0,0,8,0
26,3116,1,8,0,0,0,8,0
127,30,1,8,0,0,0,8,0
4,580,1,8,0,0,0,8,0
147,1865,1,8,0,0,0,8,0
5,2091,2,8,0,0,0,8,0
166,3225,1,8,0,0,0,8,0
127,26,1,8,0,0,0,8,0
22,1503,1,8,0,0,0,8,0
26,3092,1,8,0,0,0,8,0
33,1641,1,8,0,0,0,8,0
93,2978,1,8,0,0,0,8,0
127,1849,1,8,0,0,0,8,0
66,422,1,8,0,0,0,8,0
12,1381,1,8,0,0,0,8,0
26,3151,1,8,0,0,0,8,0
127,2254,1,8,0,0,0,8,0
147,156,1,8,0,0,0,8,0
18,68,1,8,0,0,0,8,0
115,1172,1,8,0,0,0,8,0
1,64,1,8,0,0,0,8,0
1,723,2,8,0,0,0,8,0
20,1722,1,8,0,0,0,8,0
135,3060,1,8,0,0,0,8,0
151,696,1,8,0,0,0,8,0
185,2394,1,8,0,0,0,8,0
18,2545,1,8,0,0,0,8,0
182,1299,1,8,0,0,0,8,0
26,1672,1,8,0,0,0,8,0
18,2574,1,8,0,0,0,8,0
18,808,1,8,0,0,0,8,0
166,215,1,8,0,0,0,8,0
23,664,1,8,0,0,0,8,0
93,2968,1,8,0,0,0,8,0
105,2830,1,8,0,0,0,8,0
187,43,1,8,0,0,0,8,0
5,1215,1,8,0,0,0,8,0
182,1298,1,8,0,0,0,8,0
18,2479,1,8,0,0,0,8,0
131,375,1,8,0,0,0,8,0
12,508,1,8,0,0,0,8,0
33,1573,1,8,0,0,0,8,0
6,1902,1,8,0,0,0,8,0
42,2340,1,8,0,0,0,8,0
166,370,1,8,0,0,0,8,0
127,2753,1,8,0,0,0,8,0
127,1047,1,8,0,0,0,8,0
127,87,1,8,0,0,0,8,0
108,2031,1,8,0,0,0,8,0
127,1058,1,8,0,0,0,8,0
147,836,1,8,0,0,0,8,0
33,677,1,8,0,0,0,8,0
10,517,1,8,0,0,0,8,0
210,277,1,8,0,0,0,8,0
105,2823,1,8,0,0,0,8,0
135,3094,1,8,0,0,0,8,0
127,595,1,8,0,0,0,8,0
182,611,1,8,0,0,0,8,0
12,1370,1,8,0,0,0,8,0
22,476,1,8,0,0,0,8,0
29,647,1,8,0,0,0,8,0
18,792,1,8,0,0,0,8,0
127,1855,1,8,0,0,0,8,0
127,2244,1,8,0,0,0,8,0
20,1758,1,8,0,0,0,8,0
1,1004,1,8,0,0,0,8,0
166,1845,1,8,0,0,0,8,0
127,890,1,8,0,0,0,8,0
2,1231,1,8,0,0,0,8,0
121,2636,1,8,0,0,0,8,0
42,2328,1,8,0,0,0,8,0
135,3087,1,8,0,0,0,8,0
33,1662,1,8,0,0,0,8,0
93,92,1,8,0,0,0,8,0
3,2896,1,8,0,0,0,8,0
127,936,1,8,0,0,0,8,0
12,1409,1,8,0,0,0,8,0
8,2082,1,8,0,0,0,8,0
6,1900,1,8,0,0,0,8,0
5,1201,1,8,0,0,0,8,0
26,1472,1,8,0,0,0,8,0
6,1890,1,8,0,0,0,8,0
135,2657,1,8,0,0,0,8,0
105,2858,1,8,0,0,0,8,0
12,1392,1,8,0,0,0,8,0
210,273,1,8,0,0,0,8,0
7,531,1,8,0,0,0,8,0
3,584,1,8,0,0,0,8,0
26,3169,1,8,0,0,0,8,0
23,663,1,8,0,0,0,8,0
205,1980,1,8,0,0,0,8,0
135,3033,1,8,0,0,0,8,0
12,1420,1,8,0,0,0,8,0
131,1917,1,8,0,0,0,8,0
5,1314,1,8,0,0,0,8,0
33,1552,1,8,0,0,0,8,0
20,1710,1,8,0,0,0,8,0
127,1027,1,8,0,0,0,8,0
105,2772,1,8,0,0,0,8,0
166,1190,1,8,0,0,0,8,0
6,2098,1,8,0,0,0,8,0
166,201,1,8,0,0,0,8,0
105,2777,1,8,0,0,0,8,0
185,2365,1,8,0,0,0,8,0
210,232,1,8,0,0,0,8,0
1,52,1,8,0,0,0,8,0
33,1600,1,8,0,0,0,8,0
22,1479,1,8,0,0,0,8,0
127,2256,1,8,0,0,0,8,0
93,618,1,8,0,0,0,8,0
185,2430,1,8,0,0,0,8,0
66,1998,1,8,0,0,0,8,0
131,1434,2,8,0,0,0,8,0
93,788,2,8,0,0,0,8,0
127,2724,1,8,0,0,0,8,0
4,1291,1,8,0,0,0,8,0
110,1349,1,8,0,0,0,8,0
13,2015,1,8,0,0,0,8,0
5,455,1,8,0,0,0,8,0
105,456,1,8,0,0,0,8,0
33,1653,1,8,0,0,0,8,0
5,2144,1,8,0,0,0,8,0
18,2582,1,8,0,0,0,8,0
33,1627,1,8,0,0,0,8,0
210,2683,1,8,0,0,0,8,0
20,1755,1,8,0,0,0,8,0
28,1824,1,8,0,0,0,8,0
135,140,1,8,0,0,0,8,0
210,218,1,8,0,0,0,8,0
22,677,1,8,0,0,0,8,0
135,2949,1,8,0,0,0,8,0
5,2148,1,8,0,0,0,8,0
210,230,1,8,0,0,0,8,0
135,2669,1,8,0,0,0,8,0
166,3211,1,8,0,0,0,8,0
147,2570,1,8,0,0,0,8,0
12,1396,1,8,0,0,0,8,0
18,799,1,8,0,0,0,8,0
33,1667,1,8,0,0,0,8,0
135,2080,1,8,0,0,0,8,0
26,3136,1,8,0,0,0,8,0
18,796,1,8,0,0,0,8,0
12,1380,1,8,0,0,0,8,0
7,527,1,8,0,0,0,8,0
185,2389,1,8,0,0,0,8,0
12,1468,1,8,0,0,0,8,0
166,3195,1,8,0,0,0,8,0
18,806,1,8,0,0,0,8,0
131,1954,1,8,0,0,0,8,0
22,480,1,8,0,0,0,8,0
151,774,1,8,0,0,0,8,0
131,1946,1,8,0,0,0,8,0
135,1075,3,8,0,0,0,8,0
210,2654,1,8,0,0,0,8,0
127,1053,1,8,0,0,0,8,0
127,572,1,8,0,0,0,8,0
23,1691,1,8,0,0,0,8,0
12,1385,1,8,0,0,0,8,0
147,155,1,8,0,0,0,8,0
20,1737,1,8,0,0,0,8,0
18,811,1,8,0,0,0,8,0
20,1728,1,8,0,0,0,8,0
182,981,2,8,0,0,0,8,0
151,724,1,8,0,0,0,8,0
33,1559,1,8,0,0,0,8,0
151,712,1,8,0,0,0,8,0
20,1723,1,8,0,0,0,8,0
143,872,1,8,0,0,0,8,0
135,1137,1,8,0,0,0,8,0
18,818,1,8,0,0,0,8,0
18,817,1,8,0,0,0,8,0
66,840,1,8,0,0,0,8,0
33,1570,1,8,0,0,0,8,0
131,1947,1,8,0,0,0,8,0
108,2042,1,8,0,0,0,8,0
185,405,1,8,0,0,0,8,0
210,254,1,8,0,0,0,8,0
127,632,1,8,0,0,0,8,0
2,309,1,8,0,0,0,8,0
135,3041,1,8,0,0,0,8,0
108,2044,1,8,0,0,0,8,0
93,2970,1,8,0,0,0,8,0
147,2948,1,8,0,0,0,8,0
166,3210,1,8,0,0,0,8,0
127,922,1,8,0,0,0,8,0
182,1318,1,8,0,0,0,8,0
20,1773,1,8,0,0,0,8,0
16,1803,1,8,0,0,0,8,0
20,1740,1,8,0,0,0,8,0
127,1990,1,8,0,0,0,8,0
135,3040,1,8,0,0,0,8,0
151,784,1,8,0,0,0,8,0
147,129,2,8,0,0,0,8,0
185,410,1,8,0,0,0,8,0
147,2518,1,8,0,0,0,8,0
127,2734,1,8,0,0,0,8,0
2,312,1,8,0,0,0,8,0
108,2029,1,8,0,0,0,8,0
182,1270,1,8,0,0,0,8,0
20,1749,1,8,0,0,0,8,0
7,2079,1,8,0,0,0,8,0
22,461,1,8,0,0,0,8,0
135,1144,1,8,0,0,0,8,0
18,2587,1,8,0,0,0,8,0
131,376,1,8,0,0,0,8,0
166,2872,1,8,0,0,0,8,0
187,1212,1,8,0,0,0,8,0
182,1301,1,8,0,0,0,8,0
18,813,1,8,0,0,0,8,0
12,1441,1,8,0,0,0,8,0
11,4,1,8,0,0,0,8,0
24,1683,1,8,0,0,0,8,0
166,192,1,8,0,0,0,8,0
182,1240,1,8,0,0,0,8,0
33,1601,1,8,0,0,0,8,0
19,1158,1,8,0,0,0,8,0
127,1089,1,8,0,0,0,8,0
135,3032,1,8,0,0,0,8,0
27,635,1,8,0,0,0,8,0
210,2684,1,8,0,0,0,8,0
182,1272,1,8,0,0,0,8,0
18,2518,1,8,0,0,0,8,0
2,586,1,8,0,0,0,8,0
20,1746,1,8,0,0,0,8,0
2,3243,1,8,0,0,0,8,0
115,1195,1,8,0,0,0,8,0
18,2515,1,8,0,0,0,8,0
33,1652,1,8,0,0,0,8,0
110,1347,1,8,0,0,0,8,0
24,652,1,8,0,0,0,8,0
210,222,1,8,0,0,0,8,0
22,486,1,8,0,0,0,8,0
147,2931,1,8,0,0,0,8,0
131,1956,1,8,0,0,0,8,0
210,2644,1,8,0,0,0,8,0
1,2219,1,8,0,0,0,8,0
13,2232,1,8,0,0,0,8,0
127,905,1,8,0,0,0,8,0
135,3030,2,8,0,0,0,8,0
110,352,1,8,0,0,0,8,0
209,1223,1,8,0,0,0,8,0
185,2415,1,8,0,0,0,8,0
185,2456,1,8,0,0,0,8,0
127,2271,1,8,0,0,0,8,0
210,253,1,8,0,0,0,8,0
135,3047,1,8,0,0,0,8,0
95,967,1,8,0,0,0,8,0
2,1132,1,8,0,0,0,8,0
127,1692,1,8,0,0,0,8,0
135,3042,1,8,0,0,0,8,0
33,1642,1,8,0,0,0,8,0
18,2528,1,8,0,0,0,8,0
5,2165,1,8,0,0,0,8,0
127,2719,1,8,0,0,0,8,0
108,444,1,8,0,0,0,8,0
26,1682,1,8,0,0,0,8,0
115,660,1,8,0,0,0,8,0
29,1543,1,8,0,0,0,8,0
26,3137,1,8,0,0,0,8,0
42,2310,1,8,0,0,0,8,0
105,451,1,8,0,0,0,8,0
151,723,1,8,0,0,0,8,0
127,2292,1,8,0,0,0,8,0
151,743,1,8,0,0,0,8,0
210,217,1,8,0,0,0,8,0
5,1985,1,8,0,0,0,8,0
95,942,1,8,0,0,0,8,0
166,2784,1,8,0,0,0,8,0
131,1963,1,8,0,0,0,8,0
151,726,1,8,0,0,0,8,0
135,3095,1,8,0,0,0,8,0
127,28,1,8,0,0,0,8,0
5,2096,1,8,0,0,0,8,0
151,777,1,8,0,0,0,8,0
26,161,1,8,0,0,0,8,0
93,2963,1,8,0,0,0,8,0
187,1221,1,8,0,0,0,8,0
33,1579,1,8,0,0,0,8,0
135,3049,1,8,0,0,0,8,0
147,149,1,8,0,0,0,8,0
22,1488,1,8,0,0,0,8,0
20,1739,1,8,0,0,0,8,0
5,2154,1,8,0,0,0,8,0
18,2565,1,8,0,0,0,8,0
108,2034,1,8,0,0,0,8,0
12,1443,1,8,0,0,0,8,0
127,2723,1,8,0,0,0,8,0
30,1539,1,8,0,0,0,8,0
76,1121,1,8,0,0,0,8,0
4,562,1,8,0,0,0,8,0
110,1344,1,8,0,0,0,8,0
210,2645,1,8,0,0,0,8,0
185,2401,1,8,0,0,0,8,0
12,1375,1,8,0,0,0,8,0
7,533,1,8,0,0,0,8,0
127,913,1,8,0,0,0,8,0
121,760,1,8,0,0,0,8,0
182,1321,1,8,0,0,0,8,0
105,2802,1,8,0,0,0,8,0
135,3096,1,8,0,0,0,8,0
205,1981,1,8,0,0,0,8,0
76,1122,1,8,0,0,0,8,0
131,1939,1,8,0,0,0,8,0
4,579,1,8,0,0,0,8,0
151,725,1,8,0,0,0,8,0
131,374,1,8,0,0,0,8,0
151,709,1,8,0,0,0,8,0
93,2969,2,8,0,0,0,8,0
135,1153,1,8,0,0,0,8,0
2,315,1,8,0,0,0,8,0
131,1924,1,8,0,0,0,8,0
147,1876,1,8,0,0,0,8,0
3,2178,1,8,0,0,0,8,0
135,3072,1,8,0,0,0,8,0
135,3059,1,8,0,0,0,8,0
143,866,1,8,0,0,0,8,0
40,1518,1,8,0,0,0,8,0
147,1678,1,8,0,0,0,8,0
127,2242,1,8,0,0,0,8,0
93,2954,1,8,0,0,0,8,0
210,2663,1,8,0,0,0,8,0
151,702,1,8,0,0,0,8,0
12,763,1,8,0,0,0,8,0
26,3162,1,8,0,0,0,8,0
13,2230,1,8,0,0,0,8,0
18,832,1,8,0,0,0,8,0
2,1226,1,8,0,0,0,8,0
135,3037,1,8,0,0,0,8,0
210,225,1,8,0,0,0,8,0
23,710,1,8,0,0,0,8,0
2,589,1,8,0,0,0,8,0
12,506,1,8,0,0,0,8,0
18,1847,1,8,0,0,0,8,0
12,1369,1,8,0,0,0,8,0
115,1179,2,8,0,0,0,8,0
22,473,1,8,0,0,0,8,0
185,2356,1,8,0,0,0,8,0
46,108,1,8,0,0,0,8,0
5,2090,2,8,0,0,0,8,0
2,2196,1,8,0,0,0,8,0
185,1467,1,8,0,0,0,8,0
1,2207,1,8,0,0,0,8,0
12,1368,1,8,0,0,0,8,0
185,2447,1,8,0,0,0,8,0
143,225,1,8,0,0,0,8,0
127,2711,1,8,0,0,0,8,0
127,2735,1,8,0,0,0,8,0
5,2126,1,8,0,0,0,8,0
2,2200,1,8,0,0,0,8,0
205,1291,1,8,0,0,0,8,0
95,42,1,8,0,0,0,8,0
151,742,1,8,0,0,0,8,0
105,2798,1,8,0,0,0,8,0
1,43,1,8,0,0,0,8,0
95,988,1,8,0,0,0,8,0
12,1505,1,8,0,0,0,8,0
151,756,1,8,0,0,0,8,0
2,300,1,8,0,0,0,8,0
33,1655,1,8,0,0,0,8,0
26,3160,1,8,0,0,0,8,0
22,1499,1,8,0,0,0,8,0
33,1624,1,8,0,0,0,8,0
182,1307,1,8,0,0,0,8,0
127,1115,1,8,0,0,0,8,0
127,604,1,8,0,0,0,8,0
151,713,1,8,0,0,0,8,0
151,764,1,8,0,0,0,8,0
166,3191,1,8,0,0,0,8,0
147,1866,1,8,0,0,0,8,0
135,3066,1,8,0,0,0,8,0
210,265,1,8,0,0,0,8,0
135,507,1,8,0,0,0,8,0
22,1485,1,8,0,0,0,8,0
18,2531,1,8,0,0,0,8,0
108,442,1,8,0,0,0,8,0
26,3147,1,8,0,0,0,8,0
1,1008,1,8,0,0,0,8,0
182,324,2,8,0,0,0,8,0
147,425,1,8,0,0,0,8,0
26,3132,1,8,0,0,0,8,0
12,1412,1,8,0,0,0,8,0
166,200,1,8,0,0,0,8,0
42,2301,1,8,0,0,0,8,0
182,1287,1,8,0,0,0,8,0
127,935,1,8,0,0,0,8,0
1,50,1,8,0,0,0,8,0
29,1548,1,8,0,0,0,8,0
166,2256,1,8,0,0,0,8,0
33,1560,1,8,0,0,0,8,0
26,1159,1,8,0,0,0,8,0
205,1973,1,8,0,0,0,8,0
127,2283,1,8,0,0,0,8,0
210,246,1,8,0,0,0,8,0
42,2314,1,8,0,0,0,8,0
108,2032,1,8,0,0,0,8,0
18,2462,1,8,0,0,0,8,0
10,515,1,8,0,0,0,8,0
18,835,1,8,0,0,0,8,0
3,2195,1,8,0,0,0,8,0
95,1291,1,8,0,0,0,8,0
18,2459,1,8,0,0,0,8,0
16,1800,1,8,0,0,0,8,0
135,1135,1,8,0,0,0,8,0
18,800,1,8,0,0,0,8,0
115,1202,1,8,0,0,0,8,0
110,1351,1,8,0,0,0,8,0
127,1079,1,8,0,0,0,8,0
1,2209,1,8,0,0,0,8,0
18,790,1,8,0,0,0,8,0
26,677,1,8,0,0,0,8,0
93,677,1,8,0,0,0,8,0
31,131,1,8,0,0,0,8,0
42,2330,1,8,0,0,0,8,0
1,725,2,8,0,0,0,8,0
127,930,1,8,0,0,0,8,0
151,734,1,8,0,0,0,8,0
135,1114,1,8,0,0,0,8,0
185,2351,1,8,0,0,0,8,0
127,2249,1,8,0,0,0,8,0
127,1049,1,8,0,0,0,8,0
147,1291,1,8,0,0,0,8,0
182,1324,1,8,0,0,0,8,0
182,1289,1,8,0,0,0,8,0
127,2273,1,8,0,0,0,8,0
5,2061,1,8,0,0,0,8,0
147,157,1,8,0,0,0,8,0
16,1802,1,8,0,0,0,8,0
12,1433,1,8,0,0,0,8,0
20,1705,1,8,0,0,0,8,0
182,1238,1,8,0,0,0,8,0
18,2600,1,8,0,0,0,8,0
1,67,1,8,0,0,0,8,0
26,3242,1,8,0,0,0,8,0
143,850,1,8,0,0,0,8,0
6,2091,1,8,0,0,0,8,0
1,53,1,8,0,0,0,8,0
135,3000,1,8,0,0,0,8,0
135,2998,1,8,0,0,0,8,0
151,707,1,8,0,0,0,8,0
29,1549,1,8,0,0,0,8,0
18,2592,1,8,0,0,0,8,0
22,671,1,8,0,0,0,8,0
95,960,1,8,0,0,0,8,0
12,507,1,8,0,0,0,8,0
2,104,1,8,0,0,0,8,0
2,35,1,8,0,0,0,8,0
1,2204,1,8,0,0,0,8,0
21,676,1,8,0,0,0,8,0
18,1325,1,8,0,0,0,8,0
185,2457,1,8,0,0,0,8,0
6,2092,1,8,0,0,0,8,0
12,1458,1,8,0,0,0,8,0
20,1717,1,8,0,0,0,8,0
166,199,1,8,0,0,0,8,0
3,2882,1,8,0,0,0,8,0
18,2504,1,8,0,0,0,8,0
76,112,1,8,0,0,0,8,0
166,913,1,8,0,0,0,8,0
185,2379,1,8,0,0,0,8,0
131,1914,1,8,0,0,0,8,0
6,1898,1,8,0,0,0,8,0
151,705,1,8,0,0,0,8,0
13,23,1,8,0,0,0,8,0
210,2667,1,8,0,0,0,8,0
127,1045,1,8,0,0,0,8,0
127,2294,1,8,0,0,0,8,0
127,1106,1,8,0,0,0,8,0
24,1690,1,8,0,0,0,8,0
13,1990,1,8,0,0,0,8,0
18,810,1,8,0,0,0,8,0
127,2739,2,8,0,0,0,8,0
12,1427,1,8,0,0,0,8,0
5,2112,1,8,0,0,0,8,0
1,929,1,8,0,0,0,8,0
46,109,1,8,0,0,0,8,0
23,661,1,8,0,0,0,8,0
115,1185,1,8,0,0,0,8,0
26,3099,1,8,0,0,0,8,0
143,881,1,8,0,0,0,8,0
38,1525,1,8,0,0,0,8,0
185,2434,1,8,0,0,0,8,0
185,399,1,8,0,0,0,8,0
110,359,1,8,0,0,0,8,0
33,1583,1,8,0,0,0,8,0
127,1057,1,8,0,0,0,8,0
33,1571,1,8,0,0,0,8,0
95,950,1,8,0,0,0,8,0
18,801,1,8,0,0,0,8,0
131,380,1,8,0,0,0,8,0
127,1848,1,8,0,0,0,8,0
182,1245,3,8,0,0,0,8,0
33,1611,1,8,0,0,0,8,0
135,3077,1,8,0,0,0,8,0
135,2999,1,8,0,0,0,8,0
93,337,1,8,0,0,0,8,0
13,2095,1,8,0,0,0,8,0
147,2936,1,8,0,0,0,8,0
131,1916,1,8,0,0,0,8,0
12,1391,1,8,0,0,0,8,0
6,2097,1,8,0,0,0,8,0
185,2411,1,8,0,0,0,8,0
131,365,1,8,0,0,0,8,0
42,826,1,8,0,0,0,8,0
33,1569,1,8,0,0,0,8,0
26,3164,1,8,0,0,0,8,0
12,1460,1,8,0,0,0,8,0
93,2696,1,8,0,0,0,8,0
127,1086,1,8,0,0,0,8,0
66,1993,1,8,0,0,0,8,0
143,855,1,8,0,0,0,8,0
3,2891,1,8,0,0,0,8,0
5,131,1,8,0,0,0,8,0
18,2466,1,8,0,0,0,8,0
17,1797,1,8,0,0,0,8,0
187,1217,1,8,0,0,0,8,0
108,2043,1,8,0,0,0,8,0
18,1664,1,8,0,0,0,8,0
147,145,1,8,0,0,0,8,0
22,493,1,8,0,0,0,8,0
210,280,1,8,0,0,0,8,0
187,1215,1,8,0,0,0,8,0
135,938,1,8,0,0,0,8,0
22,1486,1,8,0,0,0,8,0
135,583,1,8,0,0,0,8,0
166,3224,1,8,0,0,0,8,0
185,2443,1,8,0,0,0,8,0
20,1725,1,8,0,0,0,8,0
1,92,1,8,0,0,0,8,0
210,264,1,8,0,0,0,8,0
3,465,1,8,0,0,0,8,0
166,177,1,8,0,0,0,8,0
185,2453,1,8,0,0,0,8,0
147,981,2,8,0,0,0,8,0
26,3150,1,8,0,0,0,8,0
3,2188,1,8,0,0,0,8,0
66,2003,1,8,0,0,0,8,0
18,2551,1,8,0,0,0,8,0
135,1149,1,8,0,0,0,8,0
127,2287,1,8,0,0,0,8,0
135,1165,1,8,0,0,0,8,0
95,947,1,8,0,0,0,8,0
185,2344,2,8,0,0,0,8,0
105,2812,1,8,0,0,0,8,0
33,1657,1,8,0,0,0,8,0
105,1199,1,8,0,0,0,8,0
187,763,1,8,0,0,0,8,0
182,1253,1,8,0,0,0,8,0
42,2311,1,8,0,0,0,8,0
108,2037,1,8,0,0,0,8,0
185,2426,1,8,0,0,0,8,0
20,1716,1,8,0,0,0,8,0
12,1477,1,8,0,0,0,8,0
20,1306,1,8,0,0,0,8,0
22,459,1,8,0,0,0,8,0
115,1188,1,8,0,0,0,8,0
131,1960,1,8,0,0,0,8,0
12,1442,1,8,0,0,0,8,0
210,2664,1,8,0,0,0,8,0
127,1052,1,8,0,0,0,8,0
8,542,1,8,0,0,0,8,0
22,43,1,8,0,0,0,8,0
2,302,1,8,0,0,0,8,0
166,3232,1,8,0,0,0,8,0
127,2280,1,8,0,0,0,8,0
135,216,2,8,0,0,0,8,0
105,2852,1,8,0,0,0,8,0
147,898,2,8,0,0,0,8,0
135,3075,1,8,0,0,0,8,0
8,552,1,8,0,0,0,8,0
66,2023,1,8,0,0,0,8,0
4,567,1,8,0,0,0,8,0
26,164,1,8,0,0,0,8,0
127,610,1,8,0,0,0,8,0
105,2817,1,8,0,0,0,8,0
18,683,1,8,0,0,0,8,0
185,2366,1,8,0,0,0,8,0
151,681,1,8,0,0,0,8,0
127,2297,1,8,0,0,0,8,0
28,1821,1,8,0,0,0,8,0
22,1481,1,8,0,0,0,8,0
18,2567,1,8,0,0,0,8,0
143,882,1,8,0,0,0,8,0
166,3233,1,8,0,0,0,8,0
135,2049,1,8,0,0,0,8,0
127,938,1,8,0,0,0,8,0
105,2768,1,8,0,0,0,8,0
20,1734,1,8,0,0,0,8,0
3,2888,1,8,0,0,0,8,0
24,1685,1,8,0,0,0,8,0
5,2111,1,8,0,0,0,8,0
24,3242,1,8,0,0,0,8,0
93,2964,1,8,0,0,0,8,0
127,1119,1,8,0,0,0,8,0
42,2329,1,8,0,0,0,8,0
127,1104,1,8,0,0,0,8,0
1,73,1,8,0,0,0,8,0
151,706,1,8,0,0,0,8,0
131,1971,1,8,0,0,0,8,0
147,2941,1,8,0,0,0,8,0
12,1463,1,8,0,0,0,8,0
127,1038,1,8,0,0,0,8,0
115,1168,1,8,0,0,0,8,0
1,45,1,8,0,0,0,8,0
6,508,1,8,0,0,0,8,0
33,1566,1,8,0,0,0,8,0
185,2275,1,8,0,0,0,8,0
210,279,1,8,0,0,0,8,0
24,1688,1,8,0,0,0,8,0
105,2763,1,8,0,0,0,8,0
210,2674,1,8,0,0,0,8,0
135,1158,1,8,0,0,0,8,0
5,2117,1,8,0,0,0,8,0
185,400,1,8,0,0,0,8,0
127,1846,1,8,0,0,0,8,0
147,2108,2,8,0,0,0,8,0
18,2571,1,8,0,0,0,8,0
147,2909,1,8,0,0,0,8,0
110,1332,1,8,0,0,0,8,0
2,322,1,8,0,0,0,8,0
127,2714,1,8,0,0,0,8,0
66,2020,1,8,0,0,0,8,0
20,703,1,8,0,0,0,8,0
210,2666,1,8,0,0,0,8,0
110,1334,1,8,0,0,0,8,0
26,3141,1,8,0,0,0,8,0
13,2223,1,8,0,0,0,8,0
210,2643,1,8,0,0,0,8,0
105,2859,1,8,0,0,0,8,0
210,252,1,8,0,0,0,8,0
26,3110,1,8,0,0,0,8,0
185,2385,1,8,0,0,0,8,0
147,2930,1,8,0,0,0,8,0
38,1523,1,8,0,0,0,8,0
166,187,1,8,0,0,0,8,0
127,609,1,8,0,0,0,8,0
121,2605,1,8,0,0,0,8,0
3,2893,1,8,0,0,0,8,0
131,388,1,8,0,0,0,8,0
42,2320,1,8,0,0,0,8,0
110,327,1,8,0,0,0,8,0
93,619,1,8,0,0,0,8,0
105,2816,1,8,0,0,0,8,0
33,1580,1,8,0,0,0,8,0
33,1598,1,8,0,0,0,8,0
20,514,1,8,0,0,0,8,0
182,1315,1,8,0,0,0,8,0
115,1093,1,8,0,0,0,8,0
18,680,1,8,0,0,0,8,0
95,983,1,8,0,0,0,8,0
127,418,1,8,0,0,0,8,0
93,336,6,8,0,0,0,8,0
166,174,1,8,0,0,0,8,0
151,3242,1,8,0,0,0,8,0
105,2850,1,8,0,0,0,8,0
9,677,1,8,0,0,0,8,0
20,1753,1,8,0,0,0,8,0
127,2730,1,8,0,0,0,8,0
135,2051,1,8,0,0,0,8,0
22,499,1,8,0,0,0,8,0
42,2318,1,8,0,0,0,8,0
18,2481,1,8,0,0,0,8,0
16,1804,1,8,0,0,0,8,0
131,1969,1,8,0,0,0,8,0
5,447,1,8,0,0,0,8,0
22,1700,1,8,0,0,0,8,0
5,2138,1,8,0,0,0,8,0
7,2081,1,8,0,0,0,8,0
27,636,1,8,0,0,0,8,0
22,502,1,8,0,0,0,8,0
2,107,1,8,0,0,0,8,0
182,1237,1,8,0,0,0,8,0
182,1309,1,8,0,0,0,8,0
105,2840,1,8,0,0,0,8,0
1,1843,1,8,0,0,0,8,0
95,974,1,8,0,0,0,8,0
27,648,1,8,0,0,0,8,0
105,2861,1,8,0,0,0,8,0
18,2489,1,8,0,0,0,8,0
1,1242,1,8,0,0,0,8,0
185,2369,1,8,0,0,0,8,0
151,698,1,8,0,0,0,8,0
185,2452,1,8,0,0,0,8,0
33,1594,1,8,0,0,0,8,0
127,2707,1,8,0,0,0,8,0
26,141,1,8,0,0,0,8,0
1,722,2,8,0,0,0,8,0
5,2168,1,8,0,0,0,8,0
135,2061,1,8,0,0,0,8,0
147,2943,1,8,0,0,0,8,0
23,660,1,8,0,0,0,8,0
6,1878,1,8,0,0,0,8,0
151,773,1,8,0,0,0,8,0
33,1623,1,8,0,0,0,8,0
182,441,1,8,0,0,0,8,0
210,2660,1,8,0,0,0,8,0
127,880,12,8,0,0,0,8,0
95,973,1,8,0,0,0,8,0
6,1891,1,8,0,0,0,8,0
18,828,1,8,0,0,0,8,0
127,1118,1,8,0,0,0,8,0
108,2033,1,8,0,0,0,8,0
166,3221,1,8,0,0,0,8,0
147,1859,1,8,0,0,0,8,0
105,2870,1,8,0,0,0,8,0
135,3050,1,8,0,0,0,8,0
26,3117,1,8,0,0,0,8,0
2,3246,1,8,0,0,0,8,0
66,2006,1,8,0,0,0,8,0
5,2153,1,8,0,0,0,8,0
18,803,1,8,0,0,0,8,0
147,655,1,8,0,0,0,8,0
127,2702,1,8,0,0,0,8,0
33,1609,1,8,0,0,0,8,0
166,3228,1,8,0,0,0,8,0
2,2199,1,8,0,0,0,8,0
182,1282,1,8,0,0,0,8,0
3,2194,1,8,0,0,0,8,0
143,864,1,8,0,0,0,8,0
6,1887,1,8,0,0,0,8,0
110,358,1,8,0,0,0,8,0
115,1194,1,8,0,0,0,8,0
20,1750,1,8,0,0,0,8,0
105,1319,1,8,0,0,0,8,0
105,2822,1,8,0,0,0,8,0
93,91,1,8,0,0,0,8,0
4,576,1,8,0,0,0,8,0
127,2263,1,8,0,0,0,8,0
185,2224,1,8,0,0,0,8,0
135,1441,1,8,0,0,0,8,0
33,947,1,8,0,0,0,8,0
182,1265,1,8,0,0,0,8,0
5,2093,1,8,0,0,0,8,0
18,2572,1,8,0,0,0,8,0
147,832,1,8,0,0,0,8,0
127,1026,1,8,0,0,0,8,0
185,2357,1,8,0,0,0,8,0
147,146,1,8,0,0,0,8,0
14,1788,1,8,0,0,0,8,0
26,3107,1,8,0,0,0,8,0
105,2866,1,8,0,0,0,8,0
2,310,1,8,0,0,0,8,0
105,2867,1,8,0,0,0,8,0
166,3213,1,8,0,0,0,8,0
135,3084,1,8,0,0,0,8,0
185,2451,1,8,0,0,0,8,0
30,644,1,8,0,0,0,8,0
33,1607,1,8,0,0,0,8,0
127,1109,1,8,0,0,0,8,0
210,2698,1,8,0,0,0,8,0
135,2981,1,8,0,0,0,8,0
127,2245,1,8,0,0,0,8,0
7,677,1,8,0,0,0,8,0
18,812,1,8,0,0,0,8,0
5,2088,1,8,0,0,0,8,0
127,2706,2,8,0,0,0,8,0
185,2396,1,8,0,0,0,8,0
20,1726,1,8,0,0,0,8,0
18,802,1,8,0,0,0,8,0
22,492,1,8,0,0,0,8,0
18,2533,1,8,0,0,0,8,0
135,1565,1,8,0,0,0,8,0
115,1186,1,8,0,0,0,8,0
185,2362,2,8,0,0,0,8,0
127,635,1,8,0,0,0,8,0
185,2392,1,8,0,0,0,8,0
5,2125,1,8,0,0,0,8,0
127,1105,1,8,0,0,0,8,0
151,746,1,8,0,0,0,8,0
105,2770,1,8,0,0,0,8,0
12,1428,1,8,0,0,0,8,0
3,2181,1,8,0,0,0,8,0
135,431,2,8,0,0,0,8,0
115,1192,1,8,0,0,0,8,0
33,1658,1,8,0,0,0,8,0
147,2900,1,8,0,0,0,8,0
2,304,1,8,0,0,0,8,0
143,886,1,8,0,0,0,8,0
11,12,1,8,0,0,0,8,0
121,2634,1,8,0,0,0,8,0
16,1806,1,8,0,0,0,8,0
135,336,2,8,0,0,0,8,0
147,1467,1,8,0,0,0,8,0
95,37,1,8,0,0,0,8,0
42,1215,1,8,0,0,0,8,0
1,2086,1,8,0,0,0,8,0
23,1694,1,8,0,0,0,8,0
147,154,1,8,0,0,0,8,0
22,1490,1,8,0,0,0,8,0
42,1201,1,8,0,0,0,8,0
18,834,1,8,0,0,0,8,0
166,3180,1,8,0,0,0,8,0
22,468,1,8,0,0,0,8,0
20,1765,1,8,0,0,0,8,0
185,1465,1,8,0,0,0,8,0
135,1162,1,8,0,0,0,8,0
166,176,1,8,0,0,0,8,0
121,2618,1,8,0,0,0,8,0
10,1779,1,8,0,0,0,8,0
95,993,1,8,0,0,0,8,0
127,83,1,8,0,0,0,8,0
12,12,1,8,0,0,0,8,0
127,2733,1,8,0,0,0,8,0
127,2251,1,8,0,0,0,8,0
131,372,1,8,0,0,0,8,0
40,1519,1,8,0,0,0,8,0
135,1569,1,8,0,0,0,8,0
20,1770,1,8,0,0,0,8,0
147,2902,1,8,0,0,0,8,0
110,361,1,8,0,0,0,8,0
26,1676,1,8,0,0,0,8,0
8,543,1,8,0,0,0,8,0
135,3074,1,8,0,0,0,8,0
18,2464,1,8,0,0,0,8,0
5,2169,1,8,0,0,0,8,0
12,1379,1,8,0,0,0,8,0
20,968,1,8,0,0,0,8,0
174,13,1,8,0,0,0,8,0
18,2576,1,8,0,0,0,8,0
18,2494,1,8,0,0,0,8,0
33,1589,1,8,0,0,0,8,0
33,1588,1,8,0,0,0,8,0
3,1535,1,8,0,0,0,8,0
135,114,1,8,0,0,0,8,0
127,907,1,8,0,0,0,8,0
12,134,1,8,0,0,0,8,0
5,1814,1,8,0,0,0,8,0
33,1610,1,8,0,0,0,8,0
151,727,1,8,0,0,0,8,0
19,1840,1,8,0,0,0,8,0
185,2348,1,8,0,0,0,8,0
127,1060,1,8,0,0,0,8,0
33,1574,1,8,0,0,0,8,0
22,471,1,8,0,0,0,8,0
18,2463,1,8,0,0,0,8,0
135,1564,1,8,0,0,0,8,0
8,546,1,8,0,0,0,8,0
93,2967,1,8,0,0,0,8,0
5,2133,1,8,0,0,0,8,0
147,2917,1,8,0,0,0,8,0
121,2621,1,8,0,0,0,8,0
182,1294,1,8,0,0,0,8,0
20,1772,1,8,0,0,0,8,0
166,3226,1,8,0,0,0,8,0
185,2377,1,8,0,0,0,8,0
205,1977,1,8,0,0,0,8,0
185,2431,1,8,0,0,0,8,0
127,1028,1,8,0,0,0,8,0
127,897,1,8,0,0,0,8,0
127,892,1,8,0,0,0,8,0
147,2925,1,8,0,0,0,8,0
127,1044,1,8,0,0,0,8,0
18,2590,1,8,0,0,0,8,0
20,1712,1,8,0,0,0,8,0
5,760,1,8,0,0,0,8,0
105,2796,1,8,0,0,0,8,0
147,2944,1,8,0,0,0,8,0
105,453,1,8,0,0,0,8,0
18,2584,1,8,0,0,0,8,0
1,1257,1,8,0,0,0,8,0
3,1742,1,8,0,0,0,8,0
115,118,1,8,0,0,0,8,0
147,1862,1,8,0,0,0,8,0
127,2727,1,8,0,0,0,8,0
127,906,1,8,0,0,0,8,0
210,216,1,8,0,0,0,8,0
110,354,1,8,0,0,0,8,0
28,1820,1,8,0,0,0,8,0
147,2924,1,8,0,0,0,8,0
93,2987,1,8,0,0,0,8,0
135,1136,1,8,0,0,0,8,0
9,521,1,8,0,0,0,8,0
131,393,1,8,0,0,0,8,0
166,190,2,8,0,0,0,8,0
2,101,1,8,0,0,0,8,0
13,2238,1,8,0,0,0,8,0
147,1875,2,8,0,0,0,8,0
33,1597,1,8,0,0,0,8,0
93,2979,1,8,0,0,0,8,0
19,1838,1,8,0,0,0,8,0
210,224,1,8,0,0,0,8,0
3,2177,1,8,0,0,0,8,0
121,2623,1,8,0,0,0,8,0
22,1496,1,8,0,0,0,8,0
185,2408,1,8,0,0,0,8,0
135,2994,1,8,0,0,0,8,0
166,3192,1,8,0,0,0,8,0
8,3242,1,8,0,0,0,8,0
18,809,1,8,0,0,0,8,0
5,1701,1,8,0,0,0,8,0
131,1919,1,8,0,0,0,8,0
18,2556,1,8,0,0,0,8,0
115,1169,1,8,0,0,0,8,0
185,2278,1,8,0,0,0,8,0
12,137,1,8,0,0,0,8,0
185,2404,1,8,0,0,0,8,0
33,1663,1,8,0,0,0,8,0
166,1848,1,8,0,0,0,8,0
95,206,1,8,0,0,0,8,0
135,3014,1,8,0,0,0,8,0
18,2538,1,8,0,0,0,8,0
127,1059,1,8,0,0,0,8,0
135,3051,1,8,0,0,0,8,0
30,1158,1,8,0,0,0,8,0
135,806,1,8,0,0,0,8,0
185,2446,1,8,0,0,0,8,0
12,1394,1,8,0,0,0,8,0
1,1011,1,8,0,0,0,8,0
20,1774,1,8,0,0,0,8,0
18,830,1,8,0,0,0,8,0
110,345,1,8,0,0,0,8,0
22,505,1,8,0,0,0,8,0
22,1699,1,8,0,0,0,8,0
127,2755,1,8,0,0,0,8,0
174,12,1,8,0,0,0,8,0
22,500,1,8,0,0,0,8,0
210,2658,1,8,0,0,0,8,0
6,1903,1,8,0,0,0,8,0
135,1566,1,8,0,0,0,8,0
31,1536,1,8,0,0,0,8,0
95,978,1,8,0,0,0,8,0
135,2062,1,8,0,0,0,8,0
33,1577,1,8,0,0,0,8,0
166,3203,1,8,0,0,0,8,0
185,2354,1,8,0,0,0,8,0
135,3062,1,8,0,0,0,8,0
18,2362,1,8,0,0,0,8,0
166,3187,1,8,0,0,0,8,0
210,262,1,8,0,0,0,8,0
18,2499,1,8,0,0,0,8,0
147,1870,1,8,0,0,0,8,0
93,2953,4,8,0,0,0,8,0
105,2869,1,8,0,0,0,8,0
66,2014,1,8,0,0,0,8,0
42,2317,1,8,0,0,0,8,0
135,1139,1,8,0,0,0,8,0
18,2478,1,8,0,0,0,8,0
105,2771,1,8,0,0,0,8,0
121,2616,1,8,0,0,0,8,0
105,2846,1,8,0,0,0,8,0
1,1000,1,8,0,0,0,8,0
135,2090,1,8,0,0,0,8,0
185,2418,1,8,0,0,0,8,0
187,1208,1,8,0,0,0,8,0
12,1397,1,8,0,0,0,8,0
12,1444,1,8,0,0,0,8,0
166,3209,1,8,0,0,0,8,0
33,1563,1,8,0,0,0,8,0
115,1189,1,8,0,0,0,8,0
110,806,1,8,0,0,0,8,0
12,1358,1,8,0,0,0,8,0
147,160,1,8,0,0,0,8,0
135,3028,1,8,0,0,0,8,0
28,1828,1,8,0,0,0,8,0
147,1857,2,8,0,0,0,8,0
3,2890,1,8,0,0,0,8,0
12,136,1,8,0,0,0,8,0
147,1192,1,8,0,0,0,8,0
115,121,1,8,0,0,0,8,0
22,463,1,8,0,0,0,8,0
210,226,1,8,0,0,0,8,0
12,1408,1,8,0,0,0,8,0
1,677,1,8,0,0,0,8,0
105,2797,1,8,0,0,0,8,0
18,2527,1,8,0,0,0,8,0
182,1278,1,8,0,0,0,8,0
135,436,1,8,0,0,0,8,0
18,2530,1,8,0,0,0,8,0
33,1640,1,8,0,0,0,8,0
18,836,1,8,0,0,0,8,0
7,32,1,8,0,0,0,8,0
127,895,1,8,0,0,0,8,0
131,383,1,8,0,0,0,8,0
127,1088,1,8,0,0,0,8,0
95,980,1,8,0,0,0,8,0
5,2087,1,8,0,0,0,8,0
12,1448,1,8,0,0,0,8,0
105,454,1,8,0,0,0,8,0
185,2386,1,8,0,0,0,8,0
127,627,1,8,0,0,0,8,0
18,2602,1,8,0,0,0,8,0
143,854,1,8,0,0,0,8,0
13,2233,1,8,0,0,0,8,0
210,278,1,8,0,0,0,8,0
151,7,1,8,0,0,0,8,0
127,2295,1,8,0,0,0,8,0
205,826,2,8,0,0,0,8,0
12,1406,1,8,0,0,0,8,0
127,2272,1,8,0,0,0,8,0
22,1698,1,8,0,0,0,8,0
127,2732,1,8,0,0,0,8,0
127,2742,1,8,0,0,0,8,0
127,1847,1,8,0,0,0,8,0
127,1083,1,8,0,0,0,8,0
1,60,1,8,0,0,0,8,0
30,1161,1,8,0,0,0,8,0
95,210,1,8,0,0,0,8,0
127,1093,2,8,0,0,0,8,0
12,1411,1,8,0,0,0,8,0
19,1834,1,8,0,0,0,8,0
12,1387,1,8,0,0,0,8,0
1,726,2,8,0,0,0,8,0
18,2520,1,8,0,0,0,8,0
42,131,1,8,0,0,0,8,0
127,1095,1,8,0,0,0,8,0
33,1649,1,8,0,0,0,8,0
166,3223,1,8,0,0,0,8,0
127,1107,1,8,0,0,0,8,0
151,730,2,8,0,0,0,8,0
29,1547,1,8,0,0,0,8,0
127,2286,1,8,0,0,0,8,0
105,2854,1,8,0,0,0,8,0
127,1019,1,8,0,0,0,8,0
135,721,1,8,0,0,0,8,0
1,593,1,8,0,0,0,8,0
182,1276,1,8,0,0,0,8,0
42,2322,1,8,0,0,0,8,0
115,1193,1,8,0,0,0,8,0
26,3105,1,8,0,0,0,8,0
127,2722,1,8,0,0,0,8,0
26,3143,1,8,0,0,0,8,0
26,3138,1,8,0,0,0,8,0
185,2363,2,8,0,0,0,8,0
166,3201,1,8,0,0,0,8,0
26,3140,1,8,0,0,0,8,0
26,3145,2,8,0,0,0,8,0
1,55,1,8,0,0,0,8,0
93,441,1,8,0,0,0,8,0
1,17,1,8,0,0,0,8,0
18,826,1,8,0,0,0,8,0
135,2056,1,8,0,0,0,8,0
2,102,1,8,0,0,0,8,0
93,2960,1,8,0,0,0,8,0
93,805,1,8,0,0,0,8,0
18,814,1,8,0,0,0,8,0
26,3120,1,8,0,0,0,8,0
127,1029,1,8,0,0,0,8,0
127,570,1,8,0,0,0,8,0
22,477,1,8,0,0,0,8,0
127,623,1,8,0,0,0,8,0
95,961,1,8,0,0,0,8,0
131,1950,1,8,0,0,0,8,0
147,197,1,8,0,0,0,8,0
18,2598,1,8,0,0,0,8,0
210,2669,1,8,0,0,0,8,0
185,2399,1,8,0,0,0,8,0
42,2339,1,8,0,0,0,8,0
185,417,1,8,0,0,0,8,0
105,2788,1,8,0,0,0,8,0
2,97,1,8,0,0,0,8,0
147,1069,1,8,0,0,0,8,0
166,3219,1,8,0,0,0,8,0
182,2,3,8,0,0,0,8,0
182,1314,1,8,0,0,0,8,0
13,2224,1,8,0,0,0,8,0
105,2692,1,8,0,0,0,8,0
205,365,1,8,0,0,0,8,0
18,1872,1,8,0,0,0,8,0
110,360,1,8,0,0,0,8,0
6,289,1,8,0,0,0,8,0
5,2101,1,8,0,0,0,8,0
12,1445,1,8,0,0,0,8,0
105,2720,1,8,0,0,0,8,0
1,675,1,8,0,0,0,8,0
131,1935,1,8,0,0,0,8,0
20,1762,1,8,0,0,0,8,0
135,1332,1,8,0,0,0,8,0
33,1564,1,8,0,0,0,8,0
121,2631,1,8,0,0,0,8,0
24,1687,1,8,0,0,0,8,0
166,3218,1,8,0,0,0,8,0
147,1319,1,8,0,0,0,8,0
174,441,1,8,0,0,0,8,0
121,2626,1,8,0,0,0,8,0
210,243,1,8,0,0,0,8,0
147,2522,1,8,0,0,0,8,0
6,1901,1,8,0,0,0,8,0
7,133,1,8,0,0,0,8,0
26,3112,1,8,0,0,0,8,0
127,1034,1,8,0,0,0,8,0
127,2703,1,8,0,0,0,8,0
127,2174,1,8,0,0,0,8,0
147,1871,1,8,0,0,0,8,0
127,1018,1,8,0,0,0,8,0
135,2990,1,8,0,0,0,8,0
32,641,1,8,0,0,0,8,0
131,389,1,8,0,0,0,8,0
22,1498,1,8,0,0,0,8,0
131,1951,1,8,0,0,0,8,0
127,29,1,8,0,0,0,8,0
135,3080,1,8,0,0,0,8,0
185,2391,1,8,0,0,0,8,0
135,3031,1,8,0,0,0,8,0
127,92,1,8,0,0,0,8,0
182,1323,1,8,0,0,0,8,0
33,1565,1,8,0,0,0,8,0
205,418,1,8,0,0,0,8,0
147,2932,1,8,0,0,0,8,0
30,1204,1,8,0,0,0,8,0
23,1693,1,8,0,0,0,8,0
135,3090,1,8,0,0,0,8,0
7,1443,1,8,0,0,0,8,0
33,1664,1,8,0,0,0,8,0
33,68,1,8,0,0,0,8,0
5,2135,1,8,0,0,0,8,0
121,2615,1,8,0,0,0,8,0
4,561,1,8,0,0,0,8,0
115,1175,1,8,0,0,0,8,0
131,1966,1,8,0,0,0,8,0
131,1937,1,8,0,0,0,8,0
9,3243,1,8,0,0,0,8,0
5,1890,1,8,0,0,0,8,0
127,1067,1,8,0,0,0,8,0
29,646,1,8,0,0,0,8,0
127,2289,1,8,0,0,0,8,0
66,2019,1,8,0,0,0,8,0
66,2022,1,8,0,0,0,8,0
131,1955,1,8,0,0,0,8,0
95,955,1,8,0,0,0,8,0
18,2516,1,8,0,0,0,8,0
33,1567,1,8,0,0,0,8,0
26,3152,1,8,0,0,0,8,0
210,228,1,8,0,0,0,8,0
131,1961,1,8,0,0,0,8,0
12,1439,1,8,0,0,0,8,0
115,1180,1,8,0,0,0,8,0
135,1138,1,8,0,0,0,8,0
39,1815,1,8,0,0,0,8,0
166,616,1,8,0,0,0,8,0
147,2903,1,8,0,0,0,8,0
7,523,1,8,0,0,0,8,0
166,3207,1,8,0,0,0,8,0
147,2910,1,8,0,0,0,8,0
3,2886,1,8,0,0,0,8,0
185,1660,1,8,0,0,0,8,0
3,2179,1,8,0,0,0,8,0
185,411,1,8,0,0,0,8,0
185,2372,1,8,0,0,0,8,0
42,2306,1,8,0,0,0,8,0
105,2864,1,8,0,0,0,8,0
93,2526,1,8,0,0,0,8,0
42,2324,1,8,0,0,0,8,0
26,3109,1,8,0,0,0,8,0
5,1662,1,8,0,0,0,8,0
12,1471,1,8,0,0,0,8,0
26,763,1,8,0,0,0,8,0
135,3016,1,8,0,0,0,8,0
143,873,1,8,0,0,0,8,0
151,716,1,8,0,0,0,8,0
15,1782,1,8,0,0,0,8,0
185,412,1,8,0,0,0,8,0
135,3061,1,8,0,0,0,8,0
108,2038,1,8,0,0,0,8,0
127,891,1,8,0,0,0,8,0
105,1472,1,8,0,0,0,8,0
32,1530,1,8,0,0,0,8,0
5,707,1,8,0,0,0,8,0
127,919,1,8,0,0,0,8,0
93,2989,1,8,0,0,0,8,0
20,1760,1,8,0,0,0,8,0
135,2059,1,8,0,0,0,8,0
127,1013,1,8,0,0,0,8,0
14,1792,1,8,0,0,0,8,0
21,220,1,8,0,0,0,8,0
18,2461,1,8,0,0,0,8,0
24,1682,1,8,0,0,0,8,0
30,1214,1,8,0,0,0,8,0
185,2440,1,8,0,0,0,8,0
12,1510,1,8,0,0,0,8,0
19,1070,1,8,0,0,0,8,0
135,2050,1,8,0,0,0,8,0
12,1474,1,8,0,0,0,8,0
20,1718,1,8,0,0,0,8,0
1,12,1,8,0,0,0,8,0
12,431,1,8,0,0,0,8,0
110,334,1,8,0,0,0,8,0
185,2373,1,8,0,0,0,8,0
3,1745,1,8,0,0,0,8,0
1,56,1,8,0,0,0,8,0
20,44,1,8,0,0,0,8,0
7,538,1,8,0,0,0,8,0
131,1958,1,8,0,0,0,8,0
166,1276,1,8,0,0,0,8,0
18,2578,1,8,0,0,0,8,0
147,2949,1,8,0,0,0,8,0
166,178,1,8,0,0,0,8,0
151,710,1,8,0,0,0,8,0
127,1845,1,8,0,0,0,8,0
147,989,1,8,0,0,0,8,0
147,2939,1,8,0,0,0,8,0
42,732,1,8,0,0,0,8,0
105,763,1,8,0,0,0,8,0
110,1340,1,8,0,0,0,8,0
18,833,1,8,0,0,0,8,0
182,1236,1,8,0,0,0,8,0
127,902,1,8,0,0,0,8,0
182,1285,1,8,0,0,0,8,0
7,2080,1,8,0,0,0,8,0
95,946,1,8,0,0,0,8,0
187,54,1,8,0,0,0,8,0
166,3214,1,8,0,0,0,8,0
16,571,1,8,0,0,0,8,0
135,3027,1,8,0,0,0,8,0
42,917,1,8,0,0,0,8,0
121,2610,2,8,0,0,0,8,0
18,2517,1,8,0,0,0,8,0
2,1131,1,8,0,0,0,8,0
26,3159,1,8,0,0,0,8,0
135,719,1,8,0,0,0,8,0
8,544,1,8,0,0,0,8,0
182,125,1,8,0,0,0,8,0
108,1601,1,8,0,0,0,8,0
1,681,2,8,0,0,0,8,0
12,1504,1,8,0,0,0,8,0
185,2417,1,8,0,0,0,8,0
12,1360,1,8,0,0,0,8,0
143,23,1,8,0,0,0,8,0
210,247,1,8,0,0,0,8,0
3,2005,1,8,0,0,0,8,0
76,1125,1,8,0,0,0,8,0
105,2829,1,8,0,0,0,8,0
33,1590,1,8,0,0,0,8,0
38,1527,1,8,0,0,0,8,0
127,2726,1,8,0,0,0,8,0
182,1273,1,8,0,0,0,8,0
105,2786,1,8,0,0,0,8,0
127,908,1,8,0,0,0,8,0
127,2346,1,8,0,0,0,8,0
23,656,1,8,0,0,0,8,0
127,2705,1,8,0,0,0,8,0
210,2693,1,8,0,0,0,8,0
115,1173,1,8,0,0,0,8,0
7,880,1,8,0,0,0,8,0
95,959,1,8,0,0,0,8,0
95,208,1,8,0,0,0,8,0
18,2559,1,8,0,0,0,8,0
30,1482,1,8,0,0,0,8,0
182,1326,1,8,0,0,0,8,0
42,2333,1,8,0,0,0,8,0
5,920,1,8,0,0,0,8,0
127,1103,1,8,0,0,0,8,0
135,3073,1,8,0,0,0,8,0
18,2595,1,8,0,0,0,8,0
95,972,1,8,0,0,0,8,0
18,2505,1,8,0,0,0,8,0
166,181,1,8,0,0,0,8,0
105,2809,1,8,0,0,0,8,0
22,673,1,8,0,0,0,8,0
151,737,1,8,0,0,0,8,0
26,531,1,8,0,0,0,8,0
121,2604,1,8,0,0,0,8,0
135,2046,1,8,0,0,0,8,0
26,3130,1,8,0,0,0,8,0
147,2916,2,8,0,0,0,8,0
131,1909,1,8,0,0,0,8,0
210,249,1,8,0,0,0,8,0
127,2709,1,8,0,0,0,8,0
93,621,1,8,0,0,0,8,0
3,2095,1,8,0,0,0,8,0
127,2715,1,8,0,0,0,8,0
127,1056,1,8,0,0,0,8,0
2,677,1,8,0,0,0,8,0
135,912,1,8,0,0,0,8,0
127,1020,1,8,0,0,0,8,0
115,1178,1,8,0,0,0,8,0
185,2367,1,8,0,0,0,8,0
110,342,1,8,0,0,0,8,0
18,1696,1,8,0,0,0,8,0
4,570,1,8,0,0,0,8,0
4,2170,1,8,0,0,0,8,0
182,1256,1,8,0,0,0,8,0
33,1558,1,8,0,0,0,8,0
26,2007,1,8,0,0,0,8,0
76,2,1,8,0,0,0,8,0
185,2349,1,8,0,0,0,8,0
115,1190,1,8,0,0,0,8,0
187,1214,1,8,0,0,0,8,0
108,2041,1,8,0,0,0,8,0
131,1940,1,8,0,0,0,8,0
185,2432,1,8,0,0,0,8,0
18,825,1,8,0,0,0,8,0
135,3081,1,8,0,0,0,8,0
5,2132,1,8,0,0,0,8,0
18,216,1,8,0,0,0,8,0
10,2073,1,8,0,0,0,8,0
135,2068,1,8,0,0,0,8,0
12,1376,1,8,0,0,0,8,0
18,284,1,8,0,0,0,8,0
147,2901,1,8,0,0,0,8,0
66,2024,1,8,0,0,0,8,0
143,224,1,8,0,0,0,8,0
131,1925,1,8,0,0,0,8,0
110,340,1,8,0,0,0,8,0
121,2630,1,8,0,0,0,8,0
151,729,1,8,0,0,0,8,0
135,3015,1,8,0,0,0,8,0
93,2980,1,8,0,0,0,8,0
22,466,1,8,0,0,0,8,0
127,2270,1,8,0,0,0,8,0
127,2268,1,8,0,0,0,8,0
121,2627,1,8,0,0,0,8,0
6,2088,1,8,0,0,0,8,0
127,465,1,8,0,0,0,8,0
33,1586,1,8,0,0,0,8,0
135,725,1,8,0,0,0,8,0
18,2513,1,8,0,0,0,8,0
26,3144,1,8,0,0,0,8,0
42,2338,1,8,0,0,0,8,0
131,1936,1,8,0,0,0,8,0
110,349,1,8,0,0,0,8,0
3,2895,1,8,0,0,0,8,0
127,2728,1,8,0,0,0,8,0
33,1661,1,8,0,0,0,8,0
95,36,1,8,0,0,0,8,0
187,128,1,8,0,0,0,8,0
210,266,1,8,0,0,0,8,0
1,153,1,8,0,0,0,8,0
127,82,1,8,0,0,0,8,0
1,47,1,8,0,0,0,8,0
127,904,1,8,0,0,0,8,0
6,43,1,8,0,0,0,8,0
151,776,1,8,0,0,0,8,0
42,2046,1,8,0,0,0,8,0
135,3082,1,8,0,0,0,8,0
127,1844,1,8,0,0,0,8,0
127,2749,1,8,0,0,0,8,0
2,319,1,8,0,0,0,8,0
26,3135,1,8,0,0,0,8,0
131,373,1,8,0,0,0,8,0
33,70,1,8,0,0,0,8,0
22,491,1,8,0,0,0,8,0
1,46,1,8,0,0,0,8,0
143,874,1,8,0,0,0,8,0
2,1224,1,8,0,0,0,8,0
135,3054,1,8,0,0,0,8,0
147,2919,1,8,0,0,0,8,0
135,3093,1,8,0,0,0,8,0
105,2778,1,8,0,0,0,8,0
210,514,1,8,0,0,0,8,0
6,1894,1,8,0,0,0,8,0
3,2191,1,8,0,0,0,8,0
12,1418,1,8,0,0,0,8,0
174,840,1,8,0,0,0,8,0
182,1290,1,8,0,0,0,8,0
18,1472,1,8,0,0,0,8,0
182,1275,1,8,0,0,0,8,0
127,1066,1,8,0,0,0,8,0
147,1864,1,8,0,0,0,8,0
95,995,1,8,0,0,0,8,0
127,88,1,8,0,0,0,8,0
5,2122,1,8,0,0,0,8,0
10,2070,1,8,0,0,0,8,0
5,1254,1,8,0,0,0,8,0
9,508,1,8,0,0,0,8,0
205,1976,1,8,0,0,0,8,0
95,997,1,8,0,0,0,8,0
151,695,1,8,0,0,0,8,0
110,1345,1,8,0,0,0,8,0
115,119,1,8,0,0,0,8,0
147,1861,1,8,0,0,0,8,0
127,2751,1,8,0,0,0,8,0
7,532,1,8,0,0,0,8,0
108,2036,1,8,0,0,0,8,0
135,2996,1,8,0,0,0,8,0
143,19,1,8,0,0,0,8,0
210,272,1,8,0,0,0,8,0
18,2325,1,8,0,0,0,8,0
12,1399,1,8,0,0,0,8,0
4,563,1,8,0,0,0,8,0
127,1072,1,8,0,0,0,8,0
95,964,2,8,0,0,0,8,0
185,2400,1,8,0,0,0,8,0
135,3056,1,8,0,0,0,8,0
135,3083,1,8,0,0,0,8,0
76,1127,1,8,0,0,0,8,0
12,1446,1,8,0,0,0,8,0
182,1317,1,8,0,0,0,8,0
28,1827,1,8,0,0,0,8,0
121,2638,1,8,0,0,0,8,0
105,2769,1,8,0,0,0,8,0
28,1817,1,8,0,0,0,8,0
166,3229,1,8,0,0,0,8,0
147,610,1,8,0,0,0,8,0
166,3239,1,8,0,0,0,8,0
209,1165,1,8,0,0,0,8,0
135,3091,1,8,0,0,0,8,0
2,301,1,8,0,0,0,8,0
210,660,1,8,0,0,0,8,0
185,2390,1,8,0,0,0,8,0
1,2205,1,8,0,0,0,8,0
93,2985,1,8,0,0,0,8,0
143,876,1,8,0,0,0,8,0
18,2519,1,8,0,0,0,8,0
5,1557,1,8,0,0,0,8,0
18,2568,1,8,0,0,0,8,0
127,1180,1,8,0,0,0,8,0
121,2633,1,8,0,0,0,8,0
1,71,1,8,0,0,0,8,0
135,3003,1,8,0,0,0,8,0
22,1483,1,8,0,0,0,8,0
42,2313,1,8,0,0,0,8,0
3,2876,1,8,0,0,0,8,0
12,1374,1,8,0,0,0,8,0
2,106,1,8,0,0,0,8,0
12,1454,1,8,0,0,0,8,0
105,2841,1,8,0,0,0,8,0
22,483,1,8,0,0,0,8,0
8,2083,1,8,0,0,0,8,0
20,1679,1,8,0,0,0,8,0
26,3156,1,8,0,0,0,8,0
33,1635,1,8,0,0,0,8,0
210,269,1,8,0,0,0,8,0
182,1288,1,8,0,0,0,8,0
20,1711,1,8,0,0,0,8,0
147,837,1,8,0,0,0,8,0
151,787,1,8,0,0,0,8,0
135,3055,1,8,0,0,0,8,0
33,1650,1,8,0,0,0,8,0
210,284,1,8,0,0,0,8,0
127,2278,1,8,0,0,0,8,0
12,1371,1,8,0,0,0,8,0
185,2427,1,8,0,0,0,8,0
95,32,1,8,0,0,0,8,0
127,1055,1,8,0,0,0,8,0
166,1846,1,8,0,0,0,8,0
135,1143,1,8,0,0,0,8,0
143,18,1,8,0,0,0,8,0
16,1809,1,8,0,0,0,8,0
135,1436,1,8,0,0,0,8,0
135,2119,1,8,0,0,0,8,0
18,798,1,8,0,0,0,8,0
1,2203,1,8,0,0,0,8,0
182,989,1,8,0,0,0,8,0
127,1025,1,8,0,0,0,8,0
5,2142,1,8,0,0,0,8,0
22,472,1,8,0,0,0,8,0
66,2007,1,8,0,0,0,8,0
7,537,1,8,0,0,0,8,0
95,982,1,8,0,0,0,8,0
210,251,1,8,0,0,0,8,0
210,271,1,8,0,0,0,8,0
22,469,1,8,0,0,0,8,0
29,1542,1,8,0,0,0,8,0
182,994,1,8,0,0,0,8,0
143,118,1,8,0,0,0,8,0
10,2077,1,8,0,0,0,8,0
26,3127,1,8,0,0,0,8,0
166,3235,1,8,0,0,0,8,0
26,3133,1,8,0,0,0,8,0
108,448,1,8,0,0,0,8,0
131,1938,1,8,0,0,0,8,0
182,1239,1,8,0,0,0,8,0
127,601,1,8,0,0,0,8,0
185,2371,1,8,0,0,0,8,0
6,298,1,8,0,0,0,8,0
22,494,1,8,0,0,0,8,0
127,911,1,8,0,0,0,8,0
18,2536,1,8,0,0,0,8,0
33,1645,1,8,0,0,0,8,0
143,863,1,8,0,0,0,8,0
210,270,1,8,0,0,0,8,0
182,122,2,8,0,0,0,8,0
121,2637,1,8,0,0,0,8,0
108,117,1,8,0,0,0,8,0
210,221,1,8,0,0,0,8,0
135,1142,1,8,0,0,0,8,0
135,2066,1,8,0,0,0,8,0
26,3111,1,8,0,0,0,8,0
12,1389,1,8,0,0,0,8,0
6,287,1,8,0,0,0,8,0
135,3008,1,8,0,0,0,8,0
185,2441,1,8,0,0,0,8,0
127,605,1,8,0,0,0,8,0
95,992,1,8,0,0,0,8,0
20,1742,1,8,0,0,0,8,0
22,465,1,8,0,0,0,8,0
135,3009,1,8,0,0,0,8,0
147,2911,1,8,0,0,0,8,0
147,833,1,8,0,0,0,8,0
185,2374,1,8,0,0,0,8,0
2,99,1,8,0,0,0,8,0
20,1754,1,8,0,0,0,8,0
2,1225,1,8,0,0,0,8,0
147,1858,1,8,0,0,0,8,0
151,763,1,8,0,0,0,8,0
1,66,1,8,0,0,0,8,0
185,408,1,8,0,0,0,8,0
185,403,1,8,0,0,0,8,0
127,1112,1,8,0,0,0,8,0
135,429,1,8,0,0,0,8,0
127,2737,1,8,0,0,0,8,0
110,329,1,8,0,0,0,8,0
166,3196,1,8,0,0,0,8,0
151,783,1,8,0,0,0,8,0
1,748,1,8,0,0,0,8,0
151,780,1,8,0,0,0,8,0
210,2650,1,8,0,0,0,8,0
1,1449,1,8,0,0,0,8,0
127,631,1,8,0,0,0,8,0
105,2808,1,8,0,0,0,8,0
110,336,2,8,0,0,0,8,0
93,2959,1,8,0,0,0,8,0
3,2185,1,8,0,0,0,8,0
1,51,1,8,0,0,0,8,0
7,530,1,8,0,0,0,8,0
182,1251,1,8,0,0,0,8,0
66,1991,1,8,0,0,0,8,0
105,2775,1,8,0,0,0,8,0
127,1442,1,8,0,0,0,8,0
135,441,1,8,0,0,0,8,0
131,1931,1,8,0,0,0,8,0
110,356,1,8,0,0,0,8,0
95,986,1,8,0,0,0,8,0
95,990,1,8,0,0,0,8,0
210,2640,1,8,0,0,0,8,0
143,861,1,8,0,0,0,8,0
210,2657,1,8,0,0,0,8,0
20,1708,1,8,0,0,0,8,0
18,2525,1,8,0,0,0,8,0
185,2346,2,8,0,0,0,8,0
2,590,1,8,0,0,0,8,0
93,612,1,8,0,0,0,8,0
26,3157,1,8,0,0,0,8,0
127,2265,1,8,0,0,0,8,0
33,1643,1,8,0,0,0,8,0
3,994,1,8,0,0,0,8,0
1,1001,1,8,0,0,0,8,0
131,398,1,8,0,0,0,8,0
76,1123,1,8,0,0,0,8,0
127,2290,1,8,0,0,0,8,0
11,1513,1,8,0,0,0,8,0
185,406,1,8,0,0,0,8,0
33,1648,1,8,0,0,0,8,0
131,1928,1,8,0,0,0,8,0
210,242,1,8,0,0,0,8,0
3,2879,1,8,0,0,0,8,0
6,2086,1,8,0,0,0,8,0
121,2635,1,8,0,0,0,8,0
185,55,1,8,0,0,0,8,0
135,2048,1,8,0,0,0,8,0
29,1544,1,8,0,0,0,8,0
12,1405,1,8,0,0,0,8,0
7,528,1,8,0,0,0,8,0
4,568,1,8,0,0,0,8,0
135,3052,1,8,0,0,0,8,0
4,92,1,8,0,0,0,8,0
143,870,1,8,0,0,0,8,0
182,1283,1,8,0,0,0,8,0
210,231,1,8,0,0,0,8,0
166,3205,1,8,0,0,0,8,0
5,2131,1,8,0,0,0,8,0
166,3200,1,8,0,0,0,8,0
182,1302,1,8,0,0,0,8,0
108,2030,1,8,0,0,0,8,0
6,245,1,8,0,0,0,8,0
135,681,1,8,0,0,0,8,0
135,433,1,8,0,0,0,8,0
3,2894,1,8,0,0,0,8,0
1,724,2,8,0,0,0,8,0
3,1687,2,8,0,0,0,8,0
147,831,1,8,0,0,0,8,0
210,117,2,8,0,0,0,8,0
5,2137,1,8,0,0,0,8,0
33,1581,1,8,0,0,0,8,0
143,844,1,8,0,0,0,8,0
182,1246,1,8,0,0,0,8,0
131,1941,1,8,0,0,0,8,0
115,1174,1,8,0,0,0,8,0
143,878,1,8,0,0,0,8,0
93,2965,1,8,0,0,0,8,0
108,2040,1,8,0,0,0,8,0
12,1475,1,8,0,0,0,8,0
127,602,1,8,0,0,0,8,0
3,2874,1,8,0,0,0,8,0
27,633,1,8,0,0,0,8,0
22,462,1,8,0,0,0,8,0
105,458,1,8,0,0,0,8,0
166,336,1,8,0,0,0,8,0
127,2247,1,8,0,0,0,8,0
105,2810,1,8,0,0,0,8,0
22,503,1,8,0,0,0,8,0
33,1608,1,8,0,0,0,8,0
12,1509,1,8,0,0,0,8,0
12,1400,1,8,0,0,0,8,0
166,175,1,8,0,0,0,8,0
127,2736,1,8,0,0,0,8,0
22,114,1,8,0,0,0,8,0
110,331,1,8,0,0,0,8,0
95,211,1,8,0,0,0,8,0
66,2004,1,8,0,0,0,8,0
26,3134,1,8,0,0,0,8,0
127,1091,1,8,0,0,0,8,0
95,38,1,8,0,0,0,8,0
18,2514,1,8,0,0,0,8,0
105,2789,1,8,0,0,0,8,0
30,680,1,8,0,0,0,8,0
2,1130,1,8,0,0,0,8,0
127,603,1,8,0,0,0,8,0
105,1282,1,8,0,0,0,8,0
3,2898,1,8,0,0,0,8,0
22,495,1,8,0,0,0,8,0
151,720,1,8,0,0,0,8,0
105,2814,1,8,0,0,0,8,0
105,2831,1,8,0,0,0,8,0
93,763,1,8,0,0,0,8,0
127,1035,1,8,0,0,0,8,0
33,1634,1,8,0,0,0,8,0
166,92,3,8,0,0,0,8,0
2,96,1,8,0,0,0,8,0
33,1659,1,8,0,0,0,8,0
12,1511,1,8,0,0,0,8,0
187,1207,1,8,0,0,0,8,0
135,92,2,8,0,0,0,8,0
1,68,1,8,0,0,0,8,0
127,2246,1,8,0,0,0,8,0
4,2173,1,8,0,0,0,8,0
182,571,1,8,0,0,0,8,0
151,750,1,8,0,0,0,8,0
182,1261,1,8,0,0,0,8,0
5,2164,1,8,0,0,0,8,0
185,2388,1,8,0,0,0,8,0
33,1633,1,8,0,0,0,8,0
185,2398,1,8,0,0,0,8,0
12,1461,1,8,0,0,0,8,0
147,2950,1,8,0,0,0,8,0
166,191,1,8,0,0,0,8,0
166,1152,1,8,0,0,0,8,0
26,1674,1,8,0,0,0,8,0
5,2162,1,8,0,0,0,8,0
110,332,1,8,0,0,0,8,0
20,1713,1,8,0,0,0,8,0
147,1869,1,8,0,0,0,8,0
135,3011,1,8,0,0,0,8,0
127,1808,1,8,0,0,0,8,0
22,1495,1,8,0,0,0,8,0
205,197,1,8,0,0,0,8,0
15,1777,1,8,0,0,0,8,0
13,2234,1,8,0,0,0,8,0
182,1295,1,8,0,0,0,8,0
12,1451,1,8,0,0,0,8,0
147,2947,1,8,0,0,0,8,0
95,1530,1,8,0,0,0,8,0
13,2096,1,8,0,0,0,8,0
6,238,1,8,0,0,0,8,0
18,2472,1,8,0,0,0,8,0
147,2,2,8,0,0,0,8,0
166,183,1,8,0,0,0,8,0
12,1447,1,8,0,0,0,8,0
166,3174,1,8,0,0,0,8,0
110,1352,1,8,0,0,0,8,0
5,2160,1,8,0,0,0,8,0
143,877,1,8,0,0,0,8,0
127,1068,1,8,0,0,0,8,0
131,1932,1,8,0,0,0,8,0
185,2387,1,8,0,0,0,8,0
185,2380,1,8,0,0,0,8,0
12,899,1,8,0,0,0,8,0
42,2323,1,8,0,0,0,8,0
3,581,1,8,0,0,0,8,0
108,445,1,8,0,0,0,8,0
2,2201,1,8,0,0,0,8,0
66,1999,1,8,0,0,0,8,0
18,2503,1,8,0,0,0,8,0
105,455,1,8,0,0,0,8,0
6,1254,1,8,0,0,0,8,0
29,1545,1,8,0,0,0,8,0
147,1867,1,8,0,0,0,8,0
115,1197,1,8,0,0,0,8,0
127,2260,1,8,0,0,0,8,0
210,260,1,8,0,0,0,8,0
7,525,1,8,0,0,0,8,0
127,2717,1,8,0,0,0,8,0
3,2883,1,8,0,0,0,8,0
135,435,1,8,0,0,0,8,0
135,2057,1,8,0,0,0,8,0
127,1043,1,8,0,0,0,8,0
108,447,1,8,0,0,0,8,0
95,981,1,8,0,0,0,8,0
131,394,1,8,0,0,0,8,0
18,2591,1,8,0,0,0,8,0
1,2215,1,8,0,0,0,8,0
26,3114,1,8,0,0,0,8,0
131,1943,1,8,0,0,0,8,0
185,2423,1,8,0,0,0,8,0
12,1417,1,8,0,0,0,8,0
135,1148,1,8,0,0,0,8,0
210,2695,1,8,0,0,0,8,0
33,1615,1,8,0,0,0,8,0
95,2,3,8,0,0,0,8,0
135,428,1,8,0,0,0,8,0
151,745,1,8,0,0,0,8,0
121,1219,1,8,0,0,0,8,0
127,2257,1,8,0,0,0,8,0
6,291,1,8,0,0,0,8,0
28,1822,1,8,0,0,0,8,0
105,2801,1,8,0,0,0,8,0
127,2243,1,8,0,0,0,8,0
12,1359,1,8,0,0,0,8,0
76,111,1,8,0,0,0,8,0
18,2579,1,8,0,0,0,8,0
66,2008,1,8,0,0,0,8,0
93,189,1,8,0,0,0,8,0
26,172,1,8,0,0,0,8,0
135,3065,1,8,0,0,0,8,0
18,2468,1,8,0,0,0,8,0
185,2409,1,8,0,0,0,8,0
166,202,1,8,0,0,0,8,0
182,1257,1,8,0,0,0,8,0
166,2302,1,8,0,0,0,8,0
108,336,1,8,0,0,0,8,0
105,2806,1,8,0,0,0,8,0
166,182,1,8,0,0,0,8,0
166,3234,1,8,0,0,0,8,0
210,2631,1,8,0,0,0,8,0
66,2016,1,8,0,0,0,8,0
105,2845,1,8,0,0,0,8,0
5,988,2,8,0,0,0,8,0
33,1555,1,8,0,0,0,8,0
105,2820,1,8,0,0,0,8,0
127,2757,1,8,0,0,0,8,0
2,324,1,8,0,0,0,8,0
5,2119,1,8,0,0,0,8,0
5,1525,1,8,0,0,0,8,0
7,1445,1,8,0,0,0,8,0
3,2192,1,8,0,0,0,8,0
11,2,1,8,0,0,0,8,0
105,2815,1,8,0,0,0,8,0
131,1929,1,8,0,0,0,8,0
12,1366,1,8,0,0,0,8,0
12,138,1,8,0,0,0,8,0
151,6,1,8,0,0,0,8,0
42,2302,1,8,0,0,0,8,0
6,1905,1,8,0,0,0,8,0
135,55,1,8,0,0,0,8,0
3,705,1,8,0,0,0,8,0
127,1852,1,8,0,0,0,8,0
26,171,1,8,0,0,0,8,0
121,2622,1,8,0,0,0,8,0
12,880,1,8,0,0,0,8,0
182,1319,1,8,0,0,0,8,0
182,1252,1,8,0,0,0,8,0
7,541,1,8,0,0,0,8,0
95,952,1,8,0,0,0,8,0
22,478,1,8,0,0,0,8,0
14,1787,1,8,0,0,0,8,0
147,2933,1,8,0,0,0,8,0
127,2255,1,8,0,0,0,8,0
17,687,1,8,0,0,0,8,0
22,1500,1,8,0,0,0,8,0
127,2072,1,8,0,0,0,8,0
182,1267,1,8,0,0,0,8,0
105,2706,1,8,0,0,0,8,0
18,2524,1,8,0,0,0,8,0
105,2818,1,8,0,0,0,8,0
127,1054,1,8,0,0,0,8,0
5,2116,1,8,0,0,0,8,0
7,1442,1,8,0,0,0,8,0
95,970,1,8,0,0,0,8,0
18,2465,1,8,0,0,0,8,0
5,172,1,8,0,0,0,8,0
151,759,1,8,0,0,0,8,0
7,1441,1,8,0,0,0,8,0
20,1291,1,8,0,0,0,8,0
2,306,1,8,0,0,0,8,0
5,188,1,8,0,0,0,8,0
185,1472,1,8,0,0,0,8,0
5,2156,1,8,0,0,0,8,0
8,547,1,8,0,0,0,8,0
210,238,1,8,0,0,0,8,0
42,172,1,8,0,0,0,8,0
2,317,1,8,0,0,0,8,0
20,1776,1,8,0,0,0,8,0
127,915,1,8,0,0,0,8,0
105,2849,1,8,0,0,0,8,0
127,80,1,8,0,0,0,8,0
30,645,1,8,0,0,0,8,0
127,889,1,8,0,0,0,8,0
14,1793,1,8,0,0,0,8,0
110,1338,1,8,0,0,0,8,0
24,1681,1,8,0,0,0,8,0
26,3106,1,8,0,0,0,8,0
1,1244,1,8,0,0,0,8,0
18,822,1,8,0,0,0,8,0
210,258,1,8,0,0,0,8,0
42,2336,1,8,0,0,0,8,0
105,2847,1,8,0,0,0,8,0
151,736,1,8,0,0,0,8,0
3,2878,1,8,0,0,0,8,0
127,1102,1,8,0,0,0,8,0
6,1899,1,8,0,0,0,8,0
135,1152,1,8,0,0,0,8,0
127,901,1,8,0,0,0,8,0
131,384,1,8,0,0,0,8,0
210,2673,1,8,0,0,0,8,0
127,1090,1,8,0,0,0,8,0
131,381,1,8,0,0,0,8,0
182,1254,1,8,0,0,0,8,0
105,2781,1,8,0,0,0,8,0
5,557,1,8,0,0,0,8,0
18,2546,1,8,0,0,0,8,0
12,1473,1,8,0,0,0,8,0
8,551,1,8,0,0,0,8,0
110,339,1,8,0,0,0,8,0
182,1279,1,8,0,0,0,8,0
6,2095,1,8,0,0,0,8,0
166,3185,1,8,0,0,0,8,0
187,1211,1,8,0,0,0,8,0
22,672,1,8,0,0,0,8,0
127,925,1,8,0,0,0,8,0
147,2951,1,8,0,0,0,8,0
105,2821,1,8,0,0,0,8,0
40,3243,1,8,0,0,0,8,0
143,851,1,8,0,0,0,8,0
127,25,1,8,0,0,0,8,0
127,2345,1,8,0,0,0,8,0
4,3245,1,8,0,0,0,8,0
127,2071,1,8,0,0,0,8,0
33,1582,1,8,0,0,0,8,0
4,564,1,8,0,0,0,8,0
1,69,1,8,0,0,0,8,0
3,2873,1,8,0,0,0,8,0
127,628,1,8,0,0,0,8,0
210,1896,1,8,0,0,0,8,0
166,3220,1,8,0,0,0,8,0
10,508,1,8,0,0,0,8,0
147,2922,1,8,0,0,0,8,0
10,518,1,8,0,0,0,8,0
1,336,1,8,0,0,0,8,0
4,573,1,8,0,0,0,8,0
131,1923,1,8,0,0,0,8,0
127,2743,1,8,0,0,0,8,0
131,1957,1,8,0,0,0,8,0
10,2069,1,8,0,0,0,8,0
2,616,1,8,0,0,0,8,0
127,1856,1,8,0,0,0,8,0
18,2558,1,8,0,0,0,8,0
110,1330,1,8,0,0,0,8,0
19,1841,1,8,0,0,0,8,0
185,2414,1,8,0,0,0,8,0
127,1036,1,8,0,0,0,8,0
135,1334,1,8,0,0,0,8,0
15,1781,1,8,0,0,0,8,0
26,3142,1,8,0,0,0,8,0
13,2094,1,8,0,0,0,8,0
127,1042,1,8,0,0,0,8,0
135,3085,1,8,0,0,0,8,0
12,1422,1,8,0,0,0,8,0
135,3024,1,8,0,0,0,8,0
166,204,1,8,0,0,0,8,0
151,768,1,8,0,0,0,8,0
20,1764,1,8,0,0,0,8,0
166,188,1,8,0,0,0,8,0
121,17,1,8,0,0,0,8,0
18,2550,1,8,0,0,0,8,0
12,1506,1,8,0,0,0,8,0
105,2791,1,8,0,0,0,8,0
182,1297,1,8,0,0,0,8,0
3,2889,1,8,0,0,0,8,0
127,1023,1,8,0,0,0,8,0
6,1877,1,8,0,0,0,8,0
110,1342,1,8,0,0,0,8,0
127,1190,1,8,0,0,0,8,0
12,1416,1,8,0,0,0,8,0
42,2303,1,8,0,0,0,8,0
127,1082,1,8,0,0,0,8,0
14,685,1,8,0,0,0,8,0
13,593,1,8,0,0,0,8,0
135,585,1,8,0,0,0,8,0
1,1006,1,8,0,0,0,8,0
135,1567,1,8,0,0,0,8,0
5,2103,1,8,0,0,0,8,0
5,2147,1,8,0,0,0,8,0
26,3168,1,8,0,0,0,8,0
135,2012,1,8,0,0,0,8,0
5,2094,1,8,0,0,0,8,0
166,3188,1,8,0,0,0,8,0
115,116,1,8,0,0,0,8,0
40,638,1,8,0,0,0,8,0
182,1241,1,8,0,0,0,8,0
11,510,1,8,0,0,0,8,0
131,1959,1,8,0,0,0,8,0
185,2359,1,8,0,0,0,8,0
105,2790,1,8,0,0,0,8,0
135,3057,1,8,0,0,0,8,0
12,1367,1,8,0,0,0,8,0
1,61,1,8,0,0,0,8,0
108,439,3,8,0,0,0,8,0
18,2581,1,8,0,0,0,8,0
151,722,1,8,0,0,0,8,0
42,2315,1,8,0,0,0,8,0
185,2360,1,8,0,0,0,8,0
9,522,1,8,0,0,0,8,0
131,369,1,8,0,0,0,8,0
1,48,1,8,0,0,0,8,0
20,1721,1,8,0,0,0,8,0
182,123,1,8,0,0,0,8,0
131,1920,1,8,0,0,0,8,0
127,893,1,8,0,0,0,8,0
18,1108,1,8,0,0,0,8,0
5,2127,1,8,0,0,0,8,0
22,1489,1,8,0,0,0,8,0
18,2482,1,8,0,0,0,8,0
121,1702,1,8,0,0,0,8,0
151,704,1,8,0,0,0,8,0
210,227,1,8,0,0,0,8,0
8,553,1,8,0,0,0,8,0
127,1040,1,8,0,0,0,8,0
12,1456,1,8,0,0,0,8,0
22,1701,1,8,0,0,0,8,0
135,3070,1,8,0,0,0,8,0
1,65,1,8,0,0,0,8,0
135,2945,1,8,0,0,0,8,0
12,1373,1,8,0,0,0,8,0
5,2123,1,8,0,0,0,8,0
13,2239,1,8,0,0,0,8,0
93,1192,1,8,0,0,0,8,0
110,325,1,8,0,0,0,8,0
110,328,1,8,0,0,0,8,0
131,1927,1,8,0,0,0,8,0
12,1472,1,8,0,0,0,8,0
108,2045,1,8,0,0,0,8,0
3,1802,1,8,0,0,0,8,0
185,2438,1,8,0,0,0,8,0
22,464,1,8,0,0,0,8,0
105,2787,1,8,0,0,0,8,0
127,611,2,8,0,0,0,8,0
6,1906,1,8,0,0,0,8,0
127,1051,1,8,0,0,0,8,0
166,3208,1,8,0,0,0,8,0
13,691,1,8,0,0,0,8,0
26,3139,1,8,0,0,0,8,0
110,1336,1,8,0,0,0,8,0
2,1233,1,8,0,0,0,8,0
135,902,1,8,0,0,0,8,0
66,1994,1,8,0,0,0,8,0
6,2087,1,8,0,0,0,8,0
110,335,1,8,0,0,0,8,0
135,1662,1,8,0,0,0,8,0
108,2027,1,8,0,0,0,8,0
42,2332,1,8,0,0,0,8,0
105,2872,1,8,0,0,0,8,0
147,141,1,8,0,0,0,8,0
182,1296,1,8,0,0,0,8,0
185,2424,1,8,0,0,0,8,0
147,2927,1,8,0,0,0,8,0
6,1893,1,8,0,0,0,8,0
18,2586,1,8,0,0,0,8,0
210,2670,1,8,0,0,0,8,0
182,1329,1,8,0,0,0,8,0
93,2988,1,8,0,0,0,8,0
110,343,1,8,0,0,0,8,0
6,295,1,8,0,0,0,8,0
26,3131,1,8,0,0,0,8,0
13,689,1,8,0,0,0,8,0
151,753,1,8,0,0,0,8,0
135,1147,1,8,0,0,0,8,0
6,290,1,8,0,0,0,8,0
2,316,1,8,0,0,0,8,0
185,2395,1,8,0,0,0,8,0
127,1078,1,8,0,0,0,8,0
26,91,1,8,0,0,0,8,0
147,158,1,8,0,0,0,8,0
18,2585,1,8,0,0,0,8,0
13,2221,1,8,0,0,0,8,0
93,2977,1,8,0,0,0,8,0
20,1741,1,8,0,0,0,8,0
12,1430,1,8,0,0,0,8,0
39,1811,1,8,0,0,0,8,0
6,248,1,8,0,0,0,8,0
26,168,1,8,0,0,0,8,0
12,1403,1,8,0,0,0,8,0
105,449,1,8,0,0,0,8,0
143,865,1,8,0,0,0,8,0
18,2361,1,8,0,0,0,8,0
131,1948,1,8,0,0,0,8,0
6,242,1,8,0,0,0,8,0
110,341,1,8,0,0,0,8,0
127,101,1,8,0,0,0,8,0
105,2800,1,8,0,0,0,8,0
3,2186,3,8,0,0,0,8,0
40,1521,1,8,0,0,0,8,0
3,981,1,8,0,0,0,8,0
5,2109,1,8,0,0,0,8,0
26,1780,1,8,0,0,0,8,0
166,2405,1,8,0,0,0,8,0
131,1933,1,8,0,0,0,8,0
2,588,1,8,0,0,0,8,0
166,180,1,8,0,0,0,8,0
13,1889,1,8,0,0,0,8,0
1,189,1,8,0,0,0,8,0
210,2677,1,8,0,0,0,8,0
20,1541,1,8,0,0,0,8,0
93,2983,1,8,0,0,0,8,0
127,2460,1,8,0,0,0,8,0
11,511,1,8,0,0,0,8,0
22,496,1,8,0,0,0,8,0
22,1703,1,8,0,0,0,8,0
18,2486,1,8,0,0,0,8,0
127,1085,1,8,0,0,0,8,0
26,1093,2,8,0,0,0,8,0
105,2843,1,8,0,0,0,8,0
135,3001,1,8,0,0,0,8,0
185,2422,1,8,0,0,0,8,0
166,55,1,8,0,0,0,8,0
33,1616,1,8,0,0,0,8,0
108,2028,1,8,0,0,0,8,0
10,131,1,8,0,0,0,8,0
143,849,1,8,0,0,0,8,0
131,378,1,8,0,0,0,8,0
115,1200,1,8,0,0,0,8,0
105,1075,1,8,0,0,0,8,0
18,682,1,8,0,0,0,8,0
33,1644,1,8,0,0,0,8,0
22,1502,1,8,0,0,0,8,0
166,3241,1,8,0,0,0,8,0
26,3154,1,8,0,0,0,8,0
105,2871,1,8,0,0,0,8,0
95,991,1,8,0,0,0,8,0
1,1005,1,8,0,0,0,8,0
151,715,1,8,0,0,0,8,0
182,1310,1,8,0,0,0,8,0
39,1806,1,8,0,0,0,8,0
26,117,1,8,0,0,0,8,0
20,1720,1,8,0,0,0,8,0
93,613,1,8,0,0,0,8,0
26,3161,1,8,0,0,0,8,0
18,2512,1,8,0,0,0,8,0
2,513,1,8,0,0,0,8,0
127,1048,1,8,0,0,0,8,0
26,2186,1,8,0,0,0,8,0
127,2284,1,8,0,0,0,8,0
174,841,1,8,0,0,0,8,0
127,84,1,8,0,0,0,8,0
22,1487,1,8,0,0,0,8,0
20,1706,1,8,0,0,0,8,0
22,1501,1,8,0,0,0,8,0
127,2261,1,8,0,0,0,8,0
93,141,1,8,0,0,0,8,0
121,734,1,8,0,0,0,8,0
12,1413,1,8,0,0,0,8,0
12,131,2,8,0,0,0,8,0
127,2759,1,8,0,0,0,8,0
12,1356,1,8,0,0,0,8,0
38,639,1,8,0,0,0,8,0
20,55,1,8,0,0,0,8,0
185,2449,1,8,0,0,0,8,0
115,1198,1,8,0,0,0,8,0
147,159,1,8,0,0,0,8,0
10,513,1,8,0,0,0,8,0
182,197,1,8,0,0,0,8,0
22,1482,1,8,0,0,0,8,0
185,2436,1,8,0,0,0,8,0
115,1181,1,8,0,0,0,8,0
147,2928,1,8,0,0,0,8,0
6,1886,1,8,0,0,0,8,0
22,1497,1,8,0,0,0,8,0
66,2018,1,8,0,0,0,8,0
1,215,1,8,0,0,0,8,0
121,585,1,8,0,0,0,8,0
3,2184,1,8,0,0,0,8,0
135,3002,1,8,0,0,0,8,0
182,1234,1,8,0,0,0,8,0
26,3098,1,8,0,0,0,8,0
18,1679,1,8,0,0,0,8,0
205,1984,1,8,0,0,0,8,0
131,1942,1,8,0,0,0,8,0
2,314,1,8,0,0,0,8,0
93,2971,1,8,0,0,0,8,0
13,2237,1,8,0,0,0,8,0
166,185,1,8,0,0,0,8,0
5,1869,1,8,0,0,0,8,0
131,1911,1,8,0,0,0,8,0
105,2060,1,8,0,0,0,8,0
205,419,1,8,0,0,0,8,0
147,148,1,8,0,0,0,8,0
93,2958,1,8,0,0,0,8,0
3,583,1,8,0,0,0,8,0
33,1651,1,8,0,0,0,8,0
127,1094,2,8,0,0,0,8,0
18,2471,1,8,0,0,0,8,0
185,2455,1,8,0,0,0,8,0
127,1447,1,8,0,0,0,8,0
127,1069,1,8,0,0,0,8,0
135,611,2,8,0,0,0,8,0
127,2754,1,8,0,0,0,8,0
108,446,1,8,0,0,0,8,0
33,69,1,8,0,0,0,8,0
151,771,1,8,0,0,0,8,0
135,1146,1,8,0,0,0,8,0
166,1288,1,8,0,0,0,8,0
135,3053,1,8,0,0,0,8,0
147,150,1,8,0,0,0,8,0
151,10,1,8,0,0,0,8,0
182,1274,1,8,0,0,0,8,0
12,1435,1,8,0,0,0,8,0
105,2819,1,8,0,0,0,8,0
115,1177,1,8,0,0,0,8,0
26,1123,1,8,0,0,0,8,0
18,797,1,8,0,0,0,8,0
185,409,1,8,0,0,0,8,0
12,1508,1,8,0,0,0,8,0
105,2764,1,8,0,0,0,8,0
127,932,1,8,0,0,0,8,0
166,186,1,8,0,0,0,8,0
12,1507,1,8,0,0,0,8,0
166,3237,1,8,0,0,0,8,0
4,572,1,8,0,0,0,8,0
31,1533,1,8,0,0,0,8,0
13,1330,1,8,0,0,0,8,0
127,2741,1,8,0,0,0,8,0
127,86,1,8,0,0,0,8,0
33,1561,1,8,0,0,0,8,0
131,377,1,8,0,0,0,8,0
33,1613,1,8,0,0,0,8,0
151,732,1,8,0,0,0,8,0
135,2993,1,8,0,0,0,8,0
4,569,1,8,0,0,0,8,0
3,582,1,8,0,0,0,8,0
135,1154,1,8,0,0,0,8,0
127,2241,1,8,0,0,0,8,0
147,2920,1,8,0,0,0,8,0
20,1727,1,8,0,0,0,8,0
19,1669,1,8,0,0,0,8,0
143,848,1,8,0,0,0,8,0
151,744,1,8,0,0,0,8,0
209,213,1,8,0,0,0,8,0
210,2668,1,8,0,0,0,8,0
20,1730,1,8,0,0,0,8,0
210,2671,1,8,0,0,0,8,0
151,760,1,8,0,0,0,8,0
105,2780,1,8,0,0,0,8,0
174,15,1,8,0,0,0,8,0
26,1888,1,8,0,0,0,8,0
30,1538,1,8,0,0,0,8,0
12,1426,1,8,0,0,0,8,0
121,2625,1,8,0,0,0,8,0
127,599,1,8,0,0,0,8,0
110,333,1,8,0,0,0,8,0
18,2526,1,8,0,0,0,8,0
18,2583,1,8,0,0,0,8,0
127,1077,1,8,0,0,0,8,0
147,2542,1,8,0,0,0,8,0
22,481,1,8,0,0,0,8,0
182,1269,1,8,0,0,0,8,0
1,70,1,8,0,0,0,8,0
182,1249,1,8,0,0,0,8,0
93,1219,1,8,0,0,0,8,0
2,303,1,8,0,0,0,8,0
10,2074,1,8,0,0,0,8,0
1,74,1,8,0,0,0,8,0
135,430,1,8,0,0,0,8,0
127,76,2,8,0,0,0,8,0
135,3046,1,8,0,0,0,8,0
166,3198,1,8,0,0,0,8,0
18,2541,1,8,0,0,0,8,0
143,879,1,8,0,0,0,8,0
13,1825,1,8,0,0,0,8,0
205,1982,1,8,0,0,0,8,0
151,772,1,8,0,0,0,8,0
135,1513,1,8,0,0,0,8,0
210,245,1,8,0,0,0,8,0
23,669,1,8,0,0,0,8,0
127,910,1,8,0,0,0,8,0
127,896,1,8,0,0,0,8,0
105,2784,1,8,0,0,0,8,0
93,2976,1,8,0,0,0,8,0
121,2611,1,8,0,0,0,8,0
127,634,1,8,0,0,0,8,0
127,89,1,8,0,0,0,8,0
95,945,1,8,0,0,0,8,0
14,1784,1,8,0,0,0,8,0
135,3005,1,8,0,0,0,8,0
8,545,1,8,0,0,0,8,0
76,12,1,8,0,0,0,8,0
135,3012,1,8,0,0,0,8,0
20,1759,1,8,0,0,0,8,0
1,44,1,8,0,0,0,8,0
127,597,1,8,0,0,0,8,0
147,151,1,8,0,0,0,8,0
135,2064,1,8,0,0,0,8,0
210,2639,1,8,0,0,0,8,0
135,3071,1,8,0,0,0,8,0
20,1735,1,8,0,0,0,8,0
121,2619,1,8,0,0,0,8,0
95,912,1,8,0,0,0,8,0
26,166,1,8,0,0,0,8,0
210,2661,1,8,0,0,0,8,0
166,3189,1,8,0,0,0,8,0
66,1293,1,8,0,0,0,8,0
20,1290,1,8,0,0,0,8,0
1,2218,1,8,0,0,0,8,0
131,392,1,8,0,0,0,8,0
127,636,1,8,0,0,0,8,0
147,2942,1,8,0,0,0,8,0
127,141,2,8,0,0,0,8,0
18,2487,1,8,0,0,0,8,0
185,2397,1,8,0,0,0,8,0
5,2102,1,8,0,0,0,8,0
39,1813,1,8,0,0,0,8,0
135,2055,1,8,0,0,0,8,0
182,1328,1,8,0,0,0,8,0
18,1077,1,8,0,0,0,8,0
22,1493,1,8,0,0,0,8,0
182,32,1,8,0,0,0,8,0
187,32,1,8,0,0,0,8,0
5,2025,1,8,0,0,0,8,0
210,2680,1,8,0,0,0,8,0
3,2884,1,8,0,0,0,8,0
19,1832,1,8,0,0,0,8,0
33,1618,1,8,0,0,0,8,0
6,293,1,8,0,0,0,8,0
147,2935,1,8,0,0,0,8,0
26,1288,1,8,0,0,0,8,0
2,981,1,8,0,0,0,8,0
127,2718,1,8,0,0,0,8,0
95,39,1,8,0,0,0,8,0
66,2021,1,8,0,0,0,8,0
1,2214,1,8,0,0,0,8,0
209,1222,1,8,0,0,0,8,0
205,1978,1,8,0,0,0,8,0
127,1021,1,8,0,0,0,8,0
66,1992,1,8,0,0,0,8,0
210,2682,1,8,0,0,0,8,0
127,1870,1,8,0,0,0,8,0
95,953,1,8,0,0,0,8,0
127,1080,1,8,0,0,0,8,0
127,1857,1,8,0,0,0,8,0
8,548,1,8,0,0,0,8,0
131,1952,1,8,0,0,0,8,0
18,2511,1,8,0,0,0,8,0
20,1768,1,8,0,0,0,8,0
93,2982,1,8,0,0,0,8,0
105,193,1,8,0,0,0,8,0
182,1260,1,8,0,0,0,8,0
21,675,1,8,0,0,0,8,0
210,2685,1,8,0,0,0,8,0
151,738,1,8,0,0,0,8,0
115,1187,1,8,0,0,0,8,0
5,190,1,8,0,0,0,8,0
127,598,1,8,0,0,0,8,0
135,3026,1,8,0,0,0,8,0
66,2001,1,8,0,0,0,8,0
127,1024,1,8,0,0,0,8,0
15,1779,1,8,0,0,0,8,0
28,1816,1,8,0,0,0,8,0
127,917,1,8,0,0,0,8,0
147,834,1,8,0,0,0,8,0
30,1537,1,8,0,0,0,8,0
187,1209,1,8,0,0,0,8,0
18,2529,1,8,0,0,0,8,0
131,1328,1,8,0,0,0,8,0
12,1476,1,8,0,0,0,8,0
2,103,1,8,0,0,0,8,0
135,2965,1,8,0,0,0,8,0
147,147,1,8,0,0,0,8,0
135,1572,1,8,0,0,0,8,0
18,838,1,8,0,0,0,8,0
66,2012,1,8,0,0,0,8,0
121,2607,1,8,0,0,0,8,0
166,3177,1,8,0,0,0,8,0
18,2488,1,8,0,0,0,8,0
210,2688,1,8,0,0,0,8,0
6,297,1,8,0,0,0,8,0
185,407,1,8,0,0,0,8,0
131,385,1,8,0,0,0,8,0
93,2974,1,8,0,0,0,8,0
93,616,1,8,0,0,0,8,0
10,512,1,8,0,0,0,8,0
131,395,1,8,0,0,0,8,0
95,677,1,8,0,0,0,8,0
27,649,1,8,0,0,0,8,0
3,508,1,8,0,0,0,8,0
151,762,1,8,0,0,0,8,0
127,630,1,8,0,0,0,8,0
151,778,1,8,0,0,0,8,0
105,2774,1,8,0,0,0,8,0
135,3036,1,8,0,0,0,8,0
23,659,1,8,0,0,0,8,0
135,1164,1,8,0,0,0,8,0
12,1470,1,8,0,0,0,8,0
5,2121,1,8,0,0,0,8,0
110,611,1,8,0,0,0,8,0
20,1752,1,8,0,0,0,8,0
93,2986,1,8,0,0,0,8,0
4,577,1,8,0,0,0,8,0
13,692,1,8,0,0,0,8,0
20,1757,1,8,0,0,0,8,0
185,401,1,8,0,0,0,8,0
127,85,1,8,0,0,0,8,0
166,1353,1,8,0,0,0,8,0
15,684,1,8,0,0,0,8,0
42,1092,1,8,0,0,0,8,0
33,1654,1,8,0,0,0,8,0
127,2738,1,8,0,0,0,8,0
143,867,1,8,0,0,0,8,0
105,2783,1,8,0,0,0,8,0
22,488,1,8,0,0,0,8,0
147,2918,1,8,0,0,0,8,0
33,1637,1,8,0,0,0,8,0
16,1805,1,8,0,0,0,8,0
151,755,1,8,0,0,0,8,0
105,761,1,8,0,0,0,8,0
135,720,1,8,0,0,0,8,0
127,624,1,8,0,0,0,8,0
27,634,1,8,0,0,0,8,0
5,2139,1,8,0,0,0,8,0
66,2,2,8,0,0,0,8,0
17,1799,1,8,0,0,0,8,0
18,2564,1,8,0,0,0,8,0
210,234,1,8,0,0,0,8,0
28,1829,1,8,0,0,0,8,0
182,1243,1,8,0,0,0,8,0
105,2705,1,8,0,0,0,8,0
13,688,1,8,0,0,0,8,0
23,1692,1,8,0,0,0,8,0
131,1922,1,8,0,0,0,8,0
135,3034,1,8,0,0,0,8,0
14,1785,1,8,0,0,0,8,0
115,117,1,8,0,0,0,8,0
135,1150,1,8,0,0,0,8,0
33,1578,1,8,0,0,0,8,0
2,307,1,8,0,0,0,8,0
127,2250,1,8,0,0,0,8,0
151,697,1,8,0,0,0,8,0
110,344,1,8,0,0,0,8,0
166,2029,1,8,0,0,0,8,0
19,1836,1,8,0,0,0,8,0
95,956,1,8,0,0,0,8,0
95,971,1,8,0,0,0,8,0
185,2448,1,8,0,0,0,8,0
182,1242,1,8,0,0,0,8,0
33,1625,1,8,0,0,0,8,0
185,2410,1,8,0,0,0,8,0
33,1557,1,8,0,0,0,8,0
185,2445,1,8,0,0,0,8,0
166,3178,1,8,0,0,0,8,0
182,1286,3,8,0,0,0,8,0
14,1786,1,8,0,0,0,8,0
1,49,1,8,0,0,0,8,0
147,1978,1,8,0,0,0,8,0
76,1126,1,8,0,0,0,8,0
143,845,1,8,0,0,0,8,0
135,728,1,8,0,0,0,8,0
135,2992,1,8,0,0,0,8,0
105,2837,1,8,0,0,0,8,0
26,3113,1,8,0,0,0,8,0
26,3118,1,8,0,0,0,8,0
3,2875,1,8,0,0,0,8,0
6,1907,1,8,0,0,0,8,0
5,2104,1,8,0,0,0,8,0
33,1602,1,8,0,0,0,8,0
182,1300,1,8,0,0,0,8,0
12,1423,1,8,0,0,0,8,0
3,170,1,8,0,0,0,8,0
210,2656,1,8,0,0,0,8,0
5,2146,1,8,0,0,0,8,0
26,2710,1,8,0,0,0,8,0
20,677,1,8,0,0,0,8,0
5,2161,1,8,0,0,0,8,0
19,1839,1,8,0,0,0,8,0
12,1414,1,8,0,0,0,8,0
24,2,1,8,0,0,0,8,0
33,1638,1,8,0,0,0,8,0
17,686,1,8,0,0,0,8,0
151,700,1,8,0,0,0,8,0
33,1614,1,8,0,0,0,8,0
166,89,1,8,0,0,0,8,0
151,717,1,8,0,0,0,8,0
209,214,1,8,0,0,0,8,0
105,2804,1,8,0,0,0,8,0
127,1012,1,8,0,0,0,8,0
33,1599,1,8,0,0,0,8,0
185,2421,1,8,0,0,0,8,0
12,1382,1,8,0,0,0,8,0
5,69,1,8,0,0,0,8,0
182,1263,1,8,0,0,0,8,0
210,2691,1,8,0,0,0,8,0
166,198,1,8,0,0,0,8,0
18,2509,1,8,0,0,0,8,0
166,2080,1,8,0,0,0,8,0
33,1587,1,8,0,0,0,8,0
42,2319,1,8,0,0,0,8,0
22,475,1,8,0,0,0,8,0
147,1874,1,8,0,0,0,8,0
93,2981,1,8,0,0,0,8,0
108,2039,1,8,0,0,0,8,0
95,979,1,8,0,0,0,8,0
105,2833,1,8,0,0,0,8,0
210,281,1,8,0,0,0,8,0
135,1156,1,8,0,0,0,8,0
26,17,1,8,0,0,0,8,0
131,1934,1,8,0,0,0,8,0
143,875,1,8,0,0,0,8,0
135,2995,1,8,0,0,0,8,0
5,2107,1,8,0,0,0,8,0
3,92,1,8,0,0,0,8,0
182,1259,1,8,0,0,0,8,0
5,2099,1,8,0,0,0,8,0
127,894,1,8,0,0,0,8,0
127,1061,1,8,0,0,0,8,0
205,1983,1,8,0,0,0,8,0
6,249,1,8,0,0,0,8,0
22,1696,1,8,0,0,0,8,0
110,338,1,8,0,0,0,8,0
135,1141,1,8,0,0,0,8,0
131,1949,1,8,0,0,0,8,0
127,916,1,8,0,0,0,8,0
1,720,2,8,0,0,0,8,0
5,2113,1,8,0,0,0,8,0
20,1733,1,8,0,0,0,8,0
210,215,2,8,0,0,0,8,0
12,1437,1,8,0,0,0,8,0
131,362,1,8,0,0,0,8,0
105,2825,1,8,0,0,0,8,0
135,1892,1,8,0,0,0,8,0
5,2149,1,8,0,0,0,8,0
41,637,1,8,0,0,0,8,0
12,1469,1,8,0,0,0,8,0
5,1857,1,8,0,0,0,8,0
185,2402,1,8,0,0,0,8,0
46,1133,1,8,0,0,0,8,0
210,240,1,8,0,0,0,8,0
127,77,1,8,0,0,0,8,0
115,133,1,8,0,0,0,8,0
95,962,1,8,0,0,0,8,0
127,2285,1,8,0,0,0,8,0
5,2143,1,8,0,0,0,8,0
110,1341,1,8,0,0,0,8,0
127,898,1,8,0,0,0,8,0
13,2220,1,8,0,0,0,8,0
33,1620,1,8,0,0,0,8,0
166,196,1,8,0,0,0,8,0
26,1677,1,8,0,0,0,8,0
127,1015,1,8,0,0,0,8,0
115,1199,1,8,0,0,0,8,0
166,3183,1,8,0,0,0,8,0
7,526,1,8,0,0,0,8,0
1,59,1,8,0,0,0,8,0
14,1796,1,8,0,0,0,8,0
205,1985,1,8,0,0,0,8,0
143,846,1,8,0,0,0,8,0
110,348,1,8,0,0,0,8,0
185,2412,1,8,0,0,0,8,0
182,1281,1,8,0,0,0,8,0
105,2766,1,8,0,0,0,8,0
18,821,1,8,0,0,0,8,0
6,2096,1,8,0,0,0,8,0
135,1331,1,8,0,0,0,8,0
210,2665,1,8,0,0,0,8,0
187,1218,1,8,0,0,0,8,0
121,2608,1,8,0,0,0,8,0
105,1443,2,8,0,0,0,8,0
127,2252,1,8,0,0,0,8,0
131,366,1,8,0,0,0,8,0
42,2342,1,8,0,0,0,8,0
6,1882,1,8,0,0,0,8,0
2,1228,1,8,0,0,0,8,0
147,142,1,8,0,0,0,8,0
205,1987,1,8,0,0,0,8,0
135,3068,1,8,0,0,0,8,0
147,1868,1,8,0,0,0,8,0
22,490,1,8,0,0,0,8,0
127,91,1,8,0,0,0,8,0
18,2596,1,8,0,0,0,8,0
4,2,1,8,0,0,0,8,0
18,793,1,8,0,0,0,8,0
12,1421,1,8,0,0,0,8,0
127,1070,2,8,0,0,0,8,0
131,370,1,8,0,0,0,8,0
7,535,2,8,0,0,0,8,0
127,626,1,8,0,0,0,8,0
18,2569,1,8,0,0,0,8,0
6,1888,1,8,0,0,0,8,0
131,1964,1,8,0,0,0,8,0
6,2100,1,8,0,0,0,8,0
131,1944,1,8,0,0,0,8,0
135,1568,1,8,0,0,0,8,0
5,2115,1,8,0,0,0,8,0
147,1353,1,8,0,0,0,8,0
210,237,1,8,0,0,0,8,0
135,3018,1,8,0,0,0,8,0
135,1155,1,8,0,0,0,8,0
26,131,1,8,0,0,0,8,0
166,203,1,8,0,0,0,8,0
185,370,1,8,0,0,0,8,0
22,485,1,8,0,0,0,8,0
185,2407,1,8,0,0,0,8,0
6,246,1,8,0,0,0,8,0
13,2240,1,8,0,0,0,8,0
166,3186,1,8,0,0,0,8,0
127,2712,1,8,0,0,0,8,0
33,1605,1,8,0,0,0,8,0
147,2937,1,8,0,0,0,8,0
95,131,1,8,0,0,0,8,0
127,2281,1,8,0,0,0,8,0
18,816,1,8,0,0,0,8,0
166,2337,1,8,0,0,0,8,0
66,2010,1,8,0,0,0,8,0
127,2758,1,8,0,0,0,8,0
105,2848,1,8,0,0,0,8,0
131,391,1,8,0,0,0,8,0
1,721,2,8,0,0,0,8,0
33,1572,1,8,0,0,0,8,0
33,1628,1,8,0,0,0,8,0
127,2275,1,8,0,0,0,8,0
110,1339,1,8,0,0,0,8,0
2,311,1,8,0,0,0,8,0
135,3021,1,8,0,0,0,8,0
182,1311,1,8,0,0,0,8,0
13,673,1,8,0,0,0,8,0
13,2231,1,8,0,0,0,8,0
135,3086,1,8,0,0,0,8,0
143,859,1,8,0,0,0,8,0
205,1972,1,8,0,0,0,8,0
210,2690,1,8,0,0,0,8,0
127,2237,1,8,0,0,0,8,0
18,2498,1,8,0,0,0,8,0
18,2561,1,8,0,0,0,8,0
121,2620,1,8,0,0,0,8,0
5,1894,1,8,0,0,0,8,0
3,2187,1,8,0,0,0,8,0
16,1801,1,8,0,0,0,8,0
12,1440,1,8,0,0,0,8,0
12,3242,1,8,0,0,0,8,0
121,1513,1,8,0,0,0,8,0
105,120,1,8,0,0,0,8,0
127,2080,1,8,0,0,0,8,0
127,1443,1,8,0,0,0,8,0
5,189,1,8,0,0,0,8,0
2,441,1,8,0,0,0,8,0
135,1333,1,8,0,0,0,8,0
1,719,2,8,0,0,0,8,0
42,2334,1,8,0,0,0,8,0
3,2182,1,8,0,0,0,8,0
135,3058,1,8,0,0,0,8,0
38,1528,1,8,0,0,0,8,0
18,2502,1,8,0,0,0,8,0
5,2152,1,8,0,0,0,8,0
210,2196,1,8,0,0,0,8,0
115,1205,1,8,0,0,0,8,0
1,63,1,8,0,0,0,8,0
5,1474,1,8,0,0,0,8,0
12,1457,1,8,0,0,0,8,0
210,2679,1,8,0,0,0,8,0
135,1335,1,8,0,0,0,8,0
127,93,1,8,0,0,0,8,0
127,596,1,8,0,0,0,8,0
95,966,1,8,0,0,0,8,0
143,856,1,8,0,0,0,8,0
7,1695,1,8,0,0,0,8,0
182,31,1,8,0,0,0,8,0
151,757,1,8,0,0,0,8,0
26,1673,1,8,0,0,0,8,0
93,2957,1,8,0,0,0,8,0
127,1087,1,8,0,0,0,8,0
127,1032,1,8,0,0,0,8,0
93,2972,1,8,0,0,0,8,0
33,1584,1,8,0,0,0,8,0
185,2419,1,8,0,0,0,8,0
6,1881,1,8,0,0,0,8,0
2,308,1,8,0,0,0,8,0
143,17,1,8,0,0,0,8,0
210,2649,1,8,0,0,0,8,0
147,2934,1,8,0,0,0,8,0
3,2881,1,8,0,0,0,8,0
105,2839,1,8,0,0,0,8,0
166,3151,1,8,0,0,0,8,0
10,516,1,8,0,0,0,8,0
131,1967,1,8,0,0,0,8,0
13,135,1,8,0,0,0,8,0
210,2686,1,8,0,0,0,8,0
21,222,1,8,0,0,0,8,0
135,2063,1,8,0,0,0,8,0
22,1480,1,8,0,0,0,8,0
5,170,1,8,0,0,0,8,0
210,2662,1,8,0,0,0,8,0
127,1101,1,8,0,0,0,8,0
12,1365,1,8,0,0,0,8,0
28,1830,1,8,0,0,0,8,0
39,1812,1,8,0,0,0,8,0
151,739,1,8,0,0,0,8,0
18,2573,1,8,0,0,0,8,0
127,1111,1,8,0,0,0,8,0
28,1825,1,8,0,0,0,8,0
24,1684,1,8,0,0,0,8,0
33,640,1,8,0,0,0,8,0
26,3100,1,8,0,0,0,8,0
12,1453,1,8,0,0,0,8,0
166,281,1,8,0,0,0,8,0
5,2100,1,8,0,0,0,8,0
127,2253,1,8,0,0,0,8,0
5,2130,1,8,0,0,0,8,0
127,924,1,8,0,0,0,8,0
4,508,1,8,0,0,0,8,0
127,2720,1,8,0,0,0,8,0
151,775,1,8,0,0,0,8,0
24,1686,1,8,0,0,0,8,0
66,2002,1,8,0,0,0,8,0
210,1219,1,8,0,0,0,8,0
105,2851,1,8,0,0,0,8,0
95,957,1,8,0,0,0,8,0
185,402,1,8,0,0,0,8,0
6,1892,1,8,0,0,0,8,0
108,224,1,8,0,0,0,8,0
105,2862,1,8,0,0,0,8,0
14,1790,1,8,0,0,0,8,0
182,1325,1,8,0,0,0,8,0
66,1997,1,8,0,0,0,8,0
105,450,1,8,0,0,0,8,0
135,1570,1,8,0,0,0,8,0
127,1113,1,8,0,0,0,8,0
166,3206,1,8,0,0,0,8,0
185,2353,1,8,0,0,0,8,0
115,1163,1,8,0,0,0,8,0
93,614,1,8,0,0,0,8,0
12,1398,1,8,0,0,0,8,0
127,1062,2,8,0,0,0,8,0
174,842,1,8,0,0,0,8,0
12,1378,1,8,0,0,0,8,0
182,1244,1,8,0,0,0,8,0
5,70,1,8,0,0,0,8,0
151,740,1,8,0,0,0,8,0
15,1783,1,8,0,0,0,8,0
185,2413,1,8,0,0,0,8,0
135,3023,2,8,0,0,0,8,0
110,330,1,8,0,0,0,8,0
33,1660,1,8,0,0,0,8,0
26,163,1,8,0,0,0,8,0
127,2744,1,8,0,0,0,8,0
151,747,1,8,0,0,0,8,0
17,684,1,8,0,0,0,8,0
121,2629,1,8,0,0,0,8,0
95,944,1,8,0,0,0,8,0
210,236,1,8,0,0,0,8,0
151,752,1,8,0,0,0,8,0
108,441,1,8,0,0,0,8,0
7,534,1,8,0,0,0,8,0
10,2078,1,8,0,0,0,8,0
131,390,1,8,0,0,0,8,0
127,2750,1,8,0,0,0,8,0
127,1063,1,8,0,0,0,8,0
4,578,1,8,0,0,0,8,0
166,1847,1,8,0,0,0,8,0
121,2613,1,8,0,0,0,8,0
127,2747,1,8,0,0,0,8,0
7,899,1,8,0,0,0,8,0
1,594,1,8,0,0,0,8,0
147,2907,1,8,0,0,0,8,0
135,3004,1,8,0,0,0,8,0
147,32,2,8,0,0,0,8,0
22,1492,1,8,0,0,0,8,0
182,1320,1,8,0,0,0,8,0
26,3121,1,8,0,0,0,8,0
127,939,1,8,0,0,0,8,0
23,1293,1,8,0,0,0,8,0
93,2962,1,8,0,0,0,8,0
14,1795,1,8,0,0,0,8,0
38,324,1,8,0,0,0,8,0
33,1639,1,8,0,0,0,8,0
2,1227,1,8,0,0,0,8,0
93,2973,1,8,0,0,0,8,0
7,524,1,8,0,0,0,8,0
12,1467,1,8,0,0,0,8,0
185,866,1,8,0,0,0,8,0
3,2190,1,8,0,0,0,8,0
135,3038,1,8,0,0,0,8,0
18,2458,1,8,0,0,0,8,0
33,1595,1,8,0,0,0,8,0
23,668,1,8,0,0,0,8,0
127,923,1,8,0,0,0,8,0
2,105,1,8,0,0,0,8,0
135,1857,1,8,0,0,0,8,0
135,432,1,8,0,0,0,8,0
127,2258,1,8,0,0,0,8,0
182,1266,1,8,0,0,0,8,0
12,1361,1,8,0,0,0,8,0
42,2189,1,8,0,0,0,8,0
16,1808,1,8,0,0,0,8,0
121,2267,1,8,0,0,0,8,0
105,2773,1,8,0,0,0,8,0
105,2762,1,8,0,0,0,8,0
151,751,1,8,0,0,0,8,0
3,2899,1,8,0,0,0,8,0
127,2344,1,8,0,0,0,8,0
3,2897,1,8,0,0,0,8,0
135,3010,1,8,0,0,0,8,0
135,12,1,8,0,0,0,8,0
10,2075,1,8,0,0,0,8,0
210,2659,1,8,0,0,0,8,0
108,216,1,8,0,0,0,8,0
127,27,1,8,0,0,0,8,0
131,363,1,8,0,0,0,8,0
151,699,1,8,0,0,0,8,0
28,1818,1,8,0,0,0,8,0
135,2556,1,8,0,0,0,8,0
185,2393,1,8,0,0,0,8,0
12,1432,1,8,0,0,0,8,0
135,3039,1,8,0,0,0,8,0
5,2136,1,8,0,0,0,8,0
209,212,1,8,0,0,0,8,0
18,2491,1,8,0,0,0,8,0
166,3053,1,8,0,0,0,8,0
7,508,1,8,0,0,0,8,0
185,2420,1,8,0,0,0,8,0
187,130,1,8,0,0,0,8,0
18,2500,1,8,0,0,0,8,0
127,2264,1,8,0,0,0,8,0
1,57,1,8,0,0,0,8,0
185,2350,1,8,0,0,0,8,0
12,215,1,8,0,0,0,8,0
166,3199,1,8,0,0,0,8,0
147,153,1,8,0,0,0,8,0
166,3172,1,8,0,0,0,8,0
4,2172,1,8,0,0,0,8,0
182,1312,1,8,0,0,0,8,0
135,3029,1,8,0,0,0,8,0
20,1763,1,8,0,0,0,8,0
185,2364,1,8,0,0,0,8,0
31,1532,1,8,0,0,0,8,0
135,3069,1,8,0,0,0,8,0
127,2267,1,8,0,0,0,8,0
174,14,1,8,0,0,0,8,0
135,395,1,8,0,0,0,8,0
143,226,1,8,0,0,0,8,0
7,536,1,8,0,0,0,8,0
187,129,1,8,0,0,0,8,0
6,556,1,8,0,0,0,8,0
135,3063,1,8,0,0,0,8,0
2,591,1,8,0,0,0,8,0
20,1775,1,8,0,0,0,8,0
2,321,1,8,0,0,0,8,0
33,1666,1,8,0,0,0,8,0
210,2676,1,8,0,0,0,8,0
26,1670,1,8,0,0,0,8,0
42,2341,1,8,0,0,0,8,0
22,484,1,8,0,0,0,8,0
13,2222,1,8,0,0,0,8,0
2,1230,1,8,0,0,0,8,0
3,2176,1,8,0,0,0,8,0
127,2708,1,8,0,0,0,8,0
105,2761,1,8,0,0,0,8,0
39,1814,1,8,0,0,0,8,0
135,3242,1,8,0,0,0,8,0
135,988,1,8,0,0,0,8,0
147,140,1,8,0,0,0,8,0
127,2277,1,8,0,0,0,8,0
182,1277,1,8,0,0,0,8,0
121,2628,1,8,0,0,0,8,0
127,912,2,8,0,0,0,8,0
12,139,1,8,0,0,0,8,0
93,622,1,8,0,0,0,8,0
14,1791,1,8,0,0,0,8,0
185,2370,1,8,0,0,0,8,0
20,1756,1,8,0,0,0,8,0
22,489,1,8,0,0,0,8,0
19,1843,1,8,0,0,0,8,0
147,143,1,8,0,0,0,8,0
33,976,1,8,0,0,0,8,0
121,2603,1,8,0,0,0,8,0
18,2577,1,8,0,0,0,8,0
127,633,1,8,0,0,0,8,0
5,1293,1,8,0,0,0,8,0
166,1849,1,8,0,0,0,8,0
6,241,1,8,0,0,0,8,0
210,2573,1,8,0,0,0,8,0
135,1140,1,8,0,0,0,8,0
127,2266,1,8,0,0,0,8,0
20,1704,1,8,0,0,0,8,0
13,167,1,8,0,0,0,8,0
3,2629,1,8,0,0,0,8,0
166,3236,1,8,0,0,0,8,0
93,2956,1,8,0,0,0,8,0
18,794,1,8,0,0,0,8,0
5,2105,1,8,0,0,0,8,0
151,728,1,8,0,0,0,8,0
26,1192,1,8,0,0,0,8,0
127,903,1,8,0,0,0,8,0
135,434,1,8,0,0,0,8,0
105,2792,1,8,0,0,0,8,0
105,2865,1,8,0,0,0,8,0
166,3193,1,8,0,0,0,8,0
5,2062,1,8,0,0,0,8,0
127,1037,1,8,0,0,0,8,0
18,788,1,8,0,0,0,8,0
135,2997,1,8,0,0,0,8,0
26,3153,1,8,0,0,0,8,0
182,1258,1,8,0,0,0,8,0
166,195,1,8,0,0,0,8,0
66,1990,1,8,0,0,0,8,0
33,1604,1,8,0,0,0,8,0
131,1930,1,8,0,0,0,8,0
105,2827,1,8,0,0,0,8,0
151,701,1,8,0,0,0,8,0
127,2269,1,8,0,0,0,8,0
5,2118,1,8,0,0,0,8,0
95,170,1,8,0,0,0,8,0
127,1065,2,8,0,0,0,8,0
93,2984,1,8,0,0,0,8,0
143,853,1,8,0,0,0,8,0
18,2593,1,8,0,0,0,8,0
127,2756,1,8,0,0,0,8,0
127,887,1,8,0,0,0,8,0
147,2945,1,8,0,0,0,8,0