id,fb_id,name,email,created_at,updated_at
1,,Anabel Dykstra,,2018-01-29 08:45:43.691689,2018-01-29 08:45:43.691689
2,,Kym Lach,,2018-01-29 08:45:43.699152,2018-01-29 08:45:43.699152
3,,Deadra Waid,,2018-01-29 08:45:43.705287,2018-01-29 08:45:43.705287
4,,Cornelius Jeremiah,,2018-01-29 08:45:43.711468,2018-01-29 08:45:43.711468
5,,Darrell Weiland,,2018-01-29 08:45:43.717705,2018-01-29 08:45:43.717705
6,,Bambi Fassett,,2018-01-29 08:45:43.723992,2018-01-29 08:45:43.723992
7,,Eldon Eadie,,2018-01-29 08:45:43.729993,2018-01-29 08:45:43.729993
8,,Abdul Seals,,2018-01-29 08:45:43.736448,2018-01-29 08:45:43.736448
9,,Jacquelynn Fronk,,2018-01-29 08:45:43.743009,2018-01-29 08:45:43.743009
10,,Guy Neloms,,2018-01-29 08:45:43.749489,2018-01-29 08:45:43.749489
11,,Betsey Harger,,2018-01-29 08:45:43.756604,2018-01-29 08:45:43.756604
12,,Serena Fuhr,,2018-01-29 08:45:43.76278,2018-01-29 08:45:43.76278
13,,Ebonie Gipe,,2018-01-29 08:45:43.769424,2018-01-29 08:45:43.769424
14,,Shani Mccaul,,2018-01-29 08:45:43.775747,2018-01-29 08:45:43.775747
15,,Dusti Mcclean,,2018-01-29 08:45:43.781768,2018-01-29 08:45:43.781768
16,,Estrella Badger,,2018-01-29 08:45:43.787818,2018-01-29 08:45:43.787818
17,,Micki Denney,,2018-01-29 08:45:43.793684,2018-01-29 08:45:43.793684
18,,Norris Paisley,,2018-01-29 08:45:43.799006,2018-01-29 08:45:43.799006
19,,Katrina Truehart,,2018-01-29 08:45:43.804276,2018-01-29 08:45:43.804276
20,,Pok Mongeau,,2018-01-29 08:45:43.810407,2018-01-29 08:45:43.810407
21,,Mertie Straight,,2018-01-29 08:45:43.81655,2018-01-29 08:45:43.81655
22,,Lashawnda Croll,,2018-01-29 08:45:43.822243,2018-01-29 08:45:43.822243
23,,Jaquelyn Mieles,,2018-01-29 08:45:43.827523,2018-01-29 08:45:43.827523
24,,Sade Laughridge,,2018-01-29 08:45:43.833457,2018-01-29 08:45:43.833457
25,,Joannie Kretschmer,,2018-01-29 08:45:43.838521,2018-01-29 08:45:43.838521
26,,Saturnina Ardito,,2018-01-29 08:45:43.843865,2018-01-29 08:45:43.843865
27,,Wilton Dobles,,2018-01-29 08:45:43.849628,2018-01-29 08:45:43.849628
28,,Benny Sample,,2018-01-29 08:45:43.855487,2018-01-29 08:45:43.855487
29,,Walton Lacaze,,2018-01-29 08:45:43.861751,2018-01-29 08:45:43.861751
30,,Modesta Wieder,,2018-01-29 08:45:43.868646,2018-01-29 08:45:43.868646
31,,Tessa Gauthier,,2018-01-29 08:45:43.876041,2018-01-29 08:45:43.876041
32,,Bee Sung,,2018-01-29 08:45:43.882453,2018-01-29 08:45:43.882453
33,,Anisha Mcmiller,,2018-01-29 08:45:43.889329,2018-01-29 08:45:43.889329
34,,Tenisha Cecil,,2018-01-29 08:45:43.895337,2018-01-29 08:45:43.895337
35,,Lola Villagran,,2018-01-29 08:45:43.901885,2018-01-29 08:45:43.901885
36,,Manuela Hake,,2018-01-29 08:45:43.909707,2018-01-29 08:45:43.909707
37,,Bertram Higgins,,2018-01-29 08:45:43.916106,2018-01-29 08:45:43.916106
38,,Vince Desrosier,,2018-01-29 08:45:43.921594,2018-01-29 08:45:43.921594
39,,Lashonda Kadel,,2018-01-29 08:45:43.927204,2018-01-29 08:45:43.927204
40,,Meridith Tilton,,2018-01-29 08:45:43.9329,2018-01-29 08:45:43.9329
41,,Mee Rasor,,2018-01-29 08:45:43.939066,2018-01-29 08:45:43.939066
42,,Jeanice Barletta,,2018-01-29 08:45:43.944832,2018-01-29 08:45:43.944832
43,,Danyel Lahti,,2018-01-29 08:45:43.95034,2018-01-29 08:45:43.95034
44,,Valrie Cassidy,,2018-01-29 08:45:43.955862,2018-01-29 08:45:43.955862
45,,Claudia Meister,,2018-01-29 08:45:43.961419,2018-01-29 08:45:43.961419
46,,Bernard Re,,2018-01-29 08:45:43.967048,2018-01-29 08:45:43.967048
47,,Alfreda Darley,,2018-01-29 08:45:43.974941,2018-01-29 08:45:43.974941
48,,Casie Hinchman,,2018-01-29 08:45:43.981242,2018-01-29 08:45:43.981242
49,,Tandra Godin,,2018-01-29 08:45:43.987095,2018-01-29 08:45:43.987095
50,,Carlo Loan,,2018-01-29 08:45:43.992898,2018-01-29 08:45:43.992898
51,,Antony Fryman,,2018-01-29 08:45:43.998955,2018-01-29 08:45:43.998955
52,,Rikki Burgher,,2018-01-29 08:45:44.004448,2018-01-29 08:45:44.004448
53,,Rolf Chachere,,2018-01-29 08:45:44.010195,2018-01-29 08:45:44.010195
54,,Shalonda Letts,,2018-01-29 08:45:44.016074,2018-01-29 08:45:44.016074
55,,Hattie Zambrana,,2018-01-29 08:45:44.021911,2018-01-29 08:45:44.021911
56,,Aurore Borges,,2018-01-29 08:45:44.027557,2018-01-29 08:45:44.027557
57,,Winnie Mallery,,2018-01-29 08:45:44.037514,2018-01-29 08:45:44.037514
58,,Catrice Ellwood,,2018-01-29 08:45:44.04432,2018-01-29 08:45:44.04432
59,,Torri Yamauchi,,2018-01-29 08:45:44.050699,2018-01-29 08:45:44.050699
60,,Deeann Cormier,,2018-01-29 08:45:44.058511,2018-01-29 08:45:44.058511
61,,Francesca Herbert,,2018-01-29 08:45:44.064778,2018-01-29 08:45:44.064778
62,,Deandre Weatherspoon,,2018-01-29 08:45:44.071379,2018-01-29 08:45:44.071379
63,,Flora Rounds,,2018-01-29 08:45:44.077535,2018-01-29 08:45:44.077535
64,,Peter Castello,,2018-01-29 08:45:44.083124,2018-01-29 08:45:44.083124
65,,Rochel Loberg,,2018-01-29 08:45:44.088929,2018-01-29 08:45:44.088929
66,,Wilbur Thon,,2018-01-29 08:45:44.095329,2018-01-29 08:45:44.095329
67,,Kit Valderas,,2018-01-29 08:45:44.101759,2018-01-29 08:45:44.101759
68,,Chuck Lamoureux,,2018-01-29 08:45:44.108331,2018-01-29 08:45:44.108331
69,,Cecile Eberhard,,2018-01-29 08:45:44.11535,2018-01-29 08:45:44.11535
70,,Ellis Brummond,,2018-01-29 08:45:44.121776,2018-01-29 08:45:44.121776
71,,Fredia Berthiaume,,2018-01-29 08:45:44.128215,2018-01-29 08:45:44.128215
72,,Delicia Covelli,,2018-01-29 08:45:44.134615,2018-01-29 08:45:44.134615
73,,Latarsha Foreman,,2018-01-29 08:45:44.140768,2018-01-29 08:45:44.140768
74,,Justin Haskett,,2018-01-29 08:45:44.152041,2018-01-29 08:45:44.152041
75,,Staci Corpus,,2018-01-29 08:45:44.161575,2018-01-29 08:45:44.161575
76,,Marla Neilsen,,2018-01-29 08:45:44.168024,2018-01-29 08:45:44.168024
77,,Ula Malec,,2018-01-29 08:45:44.180323,2018-01-29 08:45:44.180323
78,,Sylvie Mento,,2018-01-29 08:45:44.192604,2018-01-29 08:45:44.192604
79,,Hugo Turpen,,2018-01-29 08:45:44.213016,2018-01-29 08:45:44.213016
80,,Charise Castenada,,2018-01-29 08:45:44.220139,2018-01-29 08:45:44.220139
81,,Melania Perrett,,2018-01-29 08:45:44.226498,2018-01-29 08:45:44.226498
82,,Arlen Neira,,2018-01-29 08:45:44.232862,2018-01-29 08:45:44.232862
83,,Kathi Ludlow,,2018-01-29 08:45:44.238916,2018-01-29 08:45:44.238916
84,,Bernardine Hassel,,2018-01-29 08:45:44.245197,2018-01-29 08:45:44.245197
85,,Bridgett Waid,,2018-01-29 08:45:44.251337,2018-01-29 08:45:44.251337
86,,Maybelle Sauter,,2018-01-29 08:45:44.264284,2018-01-29 08:45:44.264284
87,,Steven Deaton,,2018-01-29 08:45:44.272582,2018-01-29 08:45:44.272582
88,,Holli Ruggerio,,2018-01-29 08:45:44.278911,2018-01-29 08:45:44.278911
89,,Raphael Cousar,,2018-01-29 08:45:44.285639,2018-01-29 08:45:44.285639
90,,Darcy Brazier,,2018-01-29 08:45:44.294111,2018-01-29 08:45:44.294111
91,,Faviola Gruner,,2018-01-29 08:45:44.300405,2018-01-29 08:45:44.300405
92,,Veola Sheriff,,2018-01-29 08:45:44.306491,2018-01-29 08:45:44.306491
93,,Genna Hallowell,,2018-01-29 08:45:44.315364,2018-01-29 08:45:44.315364
94,,Hung Werts,,2018-01-29 08:45:44.321979,2018-01-29 08:45:44.321979
95,,Alvin Clingman,,2018-01-29 08:45:44.328308,2018-01-29 08:45:44.328308
96,,Wen Karsten,,2018-01-29 08:45:44.334494,2018-01-29 08:45:44.334494
97,,Nisha Amburn,,2018-01-29 08:45:44.340379,2018-01-29 08:45:44.340379
98,,Mozell Andres,,2018-01-29 08:45:44.346643,2018-01-29 08:45:44.346643
99,,Kathline Morrisey,,2018-01-29 08:45:44.353236,2018-01-29 08:45:44.353236
100,,Jane Outlaw,,2018-01-29 08:45:44.359544,2018-01-29 08:45:44.359544
